Workbook

Sheet 手机&平板保底版销售计划数量VS 实际出货
A1: 客户 | B1: 项目名 | C1: 市场型号 | D1: 订单 类型 | E1: 产品 类型 | F1: 剩余订单 (校验公式)
G2: 1月分解 | H2: 1月实际 | I2: 2月分解 | J2: 2月实际 | K2: 3月分解 | L2: 3月实际 | M2: 4月分解 | N2: 4月实际 | O2: 5月分解 | P2: 5月实际 | Q2: 6月分解 | R2: 6月实际 | S2: 7月分解 | T2: 7月实际 | U2: 8月分解 | V2: 8月实际 | W2: 9月分解 | X2: 9月实际 | Y2: 10月分解 | Z2: 10月实际 | AA2: 11月分解 | AB2: 11月实际 | AC2: 12月分解 | AD2: 12月实际 | AE2: 全年分解 | AF2: 全年实际
G3: 小计 | H3: 小计 | I3: 小计 | J3: 小计 | K3: 小计 | L3: 小计 | M3: 小计 | N3: 小计 | O3: 小计 | P3: 小计 | Q3: 小计 | R3: 小计 | S3: 小计 | T3: 小计 | U3: 小计 | V3: 小计 | W3: 小计 | X3: 小计 | Y3: 小计 | Z3: 小计 | AA3: 小计 | AB3: 小计 | AC3: 小计 | AD3: 小计 | AE3: 总计 | AF3: 总计
G4: 数量 | H4: 数量 | I4: 数量 | J4: 数量 | K4: 数量 | L4: 数量 | M4: 数量 | N4: 数量 | O4: 数量 | P4: 数量 | Q4: 数量 | R4: 数量 | S4: 数量 | T4: 数量 | U4: 数量 | V4: 数量 | W4: 数量 | X4: 数量 | Y4: 数量 | Z4: 数量 | AA4: 数量 | AB4: 数量 | AC4: 数量 | AD4: 数量 | AE4: 数量 | AF4: 数量
A5: LAVA | B5: E6726LV-4GB | C5: Z33 | D5: CKD | E5: SP | F5: =#REF!+#REF!+#REF!+#REF!+#REF! -> #REF! | I5: 10000 | J5: 10000 | K5: 10000 | L5: 10000 | AE5: =G5+I5+K5+M5+O5+Q5+S5+U5+W5+Y5+AA5+AC5 -> 20000 | AF5: =H5+J5+L5+N5+P5+R5+T5+V5+X5+Z5+AB5+AD5 -> 20000
A6: LAVA | B6: E6759LV | D6: CKD | E6: SP | T6: 20000 | U6: 0 | V6: 500 | W6: 30000 | Y6: 20000 | AB6: 10000 | AC6: 30000 | AD6: 5000 | AE6: =G6+I6+K6+M6+O6+Q6+S6+U6+W6+Y6+AA6+AC6 -> 80000 | AF6: =H6+J6+L6+N6+P6+R6+T6+V6+X6+Z6+AB6+AD6 -> 35500
A7: LAVA | B7: E6726LV-3GB | C7: Yuva 3 pro | D7: CKD | E7: SP | F7: =#REF!+#REF!+#REF!+#REF!+#REF! -> #REF! | G7: 60000 | H7: 60000 | I7: 10000 | J7: 10000 | K7: 30000 | L7: 20000 | M7: 20000 | N7: 30000 | O7: 10000 | P7: 30000 | Q7: 10000 | R7: 20000 | S7: 0 | X7: 50000 | AE7: =G7+I7+K7+M7+O7+Q7+S7+U7+W7+Y7+AA7+AC7 -> 140000 | AF7: =H7+J7+L7+N7+P7+R7+T7+V7+X7+Z7+AB7+AD7 -> 220000
A8: LAVA | B8: E6727 | C8: Yuva Smart 2 | D8: CKD | E8: SP | F8: =#REF!+#REF!+#REF!+#REF!+#REF! -> #REF! | Q8: 30000 | S8: 70000 | V8: 80000 | W8: 30000 | X8: 40000 | Z8: 10000 | AA8: 30000 | AB8: 10000 | AD8: 10000 | AE8: =G8+I8+K8+M8+O8+Q8+S8+U8+W8+Y8+AA8+AC8 -> 160000 | AF8: =H8+J8+L8+N8+P8+R8+T8+V8+X8+Z8+AB8+AD8 -> 150000
A9: LAVA | B9: E6728LV | C9: Yuva 4 pro 5G | D9: CKD | E9: SP | F9: =#REF!+#REF!+#REF!+#REF!+#REF! -> #REF! | I9: 30000 | J9: 30000 | K9: 20000 | L9: 20000 | M9: 30000 | N9: 40000 | P9: 25000 | Q9: 20000 | R9: 20000 | S9: 0 | U9: 20000 | X9: 20000 | Y9: 10000 | AE9: =G9+I9+K9+M9+O9+Q9+S9+U9+W9+Y9+AA9+AC9 -> 130000 | AF9: =H9+J9+L9+N9+P9+R9+T9+V9+X9+Z9+AB9+AD9 -> 155000
A10: LAVA | B10: E6700LV | C10: Z34 | D10: CKD | E10: SP | F10: =#REF!+#REF!+#REF!+#REF!+#REF! -> #REF! | L10: 500 | M10: 10000 | N10: 19500 | O10: 40000 | P10: 40000 | R10: 30000 | S10: 30000 | T10: 40000 | V10: 80000 | W10: 20000 | X10: 90000 | Z10: 20000 | AB10: 20000 | AD10: 10000 | AE10: =G10+I10+K10+M10+O10+Q10+S10+U10+W10+Y10+AA10+AC10 -> 100000 | AF10: =H10+J10+L10+N10+P10+R10+T10+V10+X10+Z10+AB10+AD10 -> 350000
A11: LAVA | B11: 迭代 | D11: CKD | E11: SP | F11: =#REF!+#REF!+#REF!+#REF!+#REF! -> #REF! | U11: 0 | W11: 0 | Y11: 0 | AA11: 20000 | AC11: 30000 | AE11: =G11+I11+K11+M11+O11+Q11+S11+U11+W11+Y11+AA11+AC11 -> 50000 | AF11: =H11+J11+L11+N11+P11+R11+T11+V11+X11+Z11+AB11+AD11 -> 0
A12: LAVA | B12: E6570LV | D12: CKD | E12: SP | F12: =#REF!+#REF!+#REF!+#REF!+#REF! -> #REF! | U12: 20000 | W12: 100000 | Y12: 170000 | AA12: 200000 | AC12: 120000 | AE12: =G12+I12+K12+M12+O12+Q12+S12+U12+W12+Y12+AA12+AC12 -> 610000 | AF12: =H12+J12+L12+N12+P12+R12+T12+V12+X12+Z12+AB12+AD12 -> 0
A13: LAVA小计 | F13: =SUM(F5:F12) -> #REF! | G13: =SUM(G5:G12) -> 60000 | H13: =SUM(H5:H12) -> 60000 | I13: =SUM(I5:I12) -> 50000 | J13: =SUM(J5:J12) -> 50000 | K13: =SUM(K5:K12) -> 60000 | L13: =SUM(L5:L12) -> 50500 | M13: =SUM(M5:M12) -> 60000 | ... AD13: =SUM(AD5:AD12) -> 25000 | AE13: =G13+I13+K13+M13+O13+Q13+S13+U13+W13+Y13+AA13+AC13 -> 1290000 | AF13: =H13+J13+L13+N13+P13+R13+T13+V13+X13+Z13+AB13+AD13 -> 930500
A14: SM | B14: E6810SM | D14: SKD | E14: SP | F14: =#REF!+#REF!+#REF!+#REF!+#REF! -> #REF! | K14: 30000 | L14: 20000 | M14: 10000 | N14: 10000 | Q14: 20000 | AE14: =G14+I14+K14+M14+O14+Q14+S14+U14+W14+Y14+AA14+AC14 -> 60000 | AF14: =H14+J14+L14+N14+P14+R14+T14+V14+X14+Z14+AB14+AD14 -> 30000
A15: SM | B15: E6810SM-128GB | D15: SKD | E15: SP | F15: =#REF!+#REF!+#REF!+#REF!+#REF! -> #REF! | K15: 10000 | S15: 10000 | AE15: =G15+I15+K15+M15+O15+Q15+S15+U15+W15+Y15+AA15+AC15 -> 20000 | AF15: =H15+J15+L15+N15+P15+R15+T15+V15+X15+Z15+AB15+AD15 -> 0
A16: SM | B16: E6726SM | D16: SKD | E16: SP | F16: =#REF!+#REF!+#REF!+#REF!+#REF! -> #REF! | S16: 10000 | U16: 30000 | Y16: 20000 | AC16: 10000 | AE16: =G16+I16+K16+M16+O16+Q16+S16+U16+W16+Y16+AA16+AC16 -> 70000 | AF16: =H16+J16+L16+N16+P16+R16+T16+V16+X16+Z16+AB16+AD16 -> 0
A17: SM小计 | F17: =SUM(F14:F16) -> #REF! | G17: =SUM(G14:G16) -> 0 | H17: =SUM(H14:H16) -> 0 | I17: =SUM(I14:I16) -> 0 | J17: =SUM(J14:J16) -> 0 | K17: =SUM(K14:K16) -> 40000 | L17: =SUM(L14:L16) -> 20000 | M17: =SUM(M14:M16) -> 10000 | ... AA17: =SUM(AA14:AA16) -> 0 | AC17: =SUM(AC14:AC16) -> 10000 | AE17: =G17+I17+K17+M17+O17+Q17+S17+U17+W17+Y17+AA17+AC17 -> 150000 | AF17: =H17+J17+L17+N17+P17+R17+T17+V17+X17+Z17+AB17+AD17 -> 30000
A18: HMD | B18: E1885N-31E | C18: Crazy 5 | D18: CKD | E18: FP | F18: =#REF!+#REF!+#REF!+#REF!+#REF! -> #REF! | G18: 650000 | H18: 866750 | I18: 600000 | J18: 340200 | K18: 500000 | L18: 239000 | M18: 430000 | N18: 145750 | O18: 430000 | P18: 548750 | Q18: 430000 | R18: 245250 | S18: 580000 | T18: 332000 | U18: 600000 | V18: 207750 | W18: 650000 | X18: 435250 | Y18: 650000 | Z18: 487000 | AA18: 350000 | AB18: 439500 | AC18: 350000 | AD18: 557375 | AE18: =G18+I18+K18+M18+O18+Q18+S18+U18+W18+Y18+AA18+AC18 -> 6220000 | AF18: =H18+J18+L18+N18+P18+R18+T18+V18+X18+Z18+AB18+AD18 -> 4844575
A19: HMD | B19: E1889/1890 | C19: LedaS | D19: CKD | E19: FP | F19: =#REF!+#REF!+#REF!+#REF!+#REF! -> #REF! | G19: 270000 | H19: 270000 | I19: 250000 | J19: 235500 | K19: 250000 | M19: 250000 | N19: 122500 | O19: 250000 | P19: 265000 | Q19: 250000 | R19: 229000 | S19: 250000 | T19: 144000 | U19: 250000 | V19: 113000 | W19: 250000 | X19: 218000 | Y19: 250000 | Z19: 361000 | AA19: 200000 | AB19: 367000 | AC19: 200000 | AD19: 361000 | AE19: =G19+I19+K19+M19+O19+Q19+S19+U19+W19+Y19+AA19+AC19 -> 2920000 | AF19: =H19+J19+L19+N19+P19+R19+T19+V19+X19+Z19+AB19+AD19 -> 2686000
A20: HMD | B20: E2001H | C20: VOX | D20: CKD | E20: FP | G20: 480000 | H20: 411512 | I20: 300000 | J20: 226796 | K20: 300000 | L20: 428412 | M20: 280000 | N20: 407968 | O20: 450000 | P20: 173800 | Q20: 400000 | R20: 176032 | S20: 400000 | T20: 285912 | U20: 400000 | V20: 329784 | W20: 400000 | X20: 340896 | Y20: 400000 | Z20: 303476 | AA20: 140000 | AB20: 471976 | AC20: 140000 | AD20: 427128 | AE20: =G20+I20+K20+M20+O20+Q20+S20+U20+W20+Y20+AA20+AC20 -> 4090000 | AF20: =H20+J20+L20+N20+P20+R20+T20+V20+X20+Z20+AB20+AD20 -> 3983692
A21: HMD | B21: E2447 | C21: Frodo | D21: CKD | E21: FP | G21: 60000 | H21: 60000 | I21: 100000 | J21: 92880 | K21: 100000 | L21: 206360 | M21: 140000 | N21: 145160 | O21: 140000 | P21: 72440 | Q21: 140000 | R21: 73280 | S21: 140000 | T21: 41520 | U21: 140000 | V21: 18400 | W21: 140000 | X21: 18000 | Y21: 140000 | Z21: 39540 | AA21: 100000 | AB21: 83720 | AC21: 100000 | AD21: 99120 | AE21: =G21+I21+K21+M21+O21+Q21+S21+U21+W21+Y21+AA21+AC21 -> 1440000 | AF21: =H21+J21+L21+N21+P21+R21+T21+V21+X21+Z21+AB21+AD21 -> 950420
A22: HMD | B22: P2000 | C22: Leia | D22: CKD | E22: FP | P22: 11500 | Q22: 30000 | S22: 120000 | T22: 48112 | U22: 120000 | V22: 15768 | W22: 120000 | X22: 40304 | Y22: 120000 | Z22: 28600 | AA22: 120000 | AB22: 63888 | AC22: 113000 | AD22: 53396 | AE22: =G22+I22+K22+M22+O22+Q22+S22+U22+W22+Y22+AA22+AC22 -> 743000 | AF22: =H22+J22+L22+N22+P22+R22+T22+V22+X22+Z22+AB22+AD22 -> 261568
A23: HMD小计 | F23: =SUM(F18:F22) -> #REF! | G23: =SUM(G18:G22) -> 1460000 | H23: =SUM(H18:H22) -> 1608262 | I23: =SUM(I18:I22) -> 1250000 | J23: =SUM(J18:J22) -> 895376 | K23: =SUM(K18:K22) -> 1150000 | L23: =SUM(L18:L22) -> 873772 | M23: =SUM(M18:M22) -> 1100000 | ... AD23: =SUM(AD18:AD22) -> 1498019 | AE23: =G23+I23+K23+M23+O23+Q23+S23+U23+W23+Y23+AA23+AC23 -> 15413000 | AF23: =H23+J23+L23+N23+P23+R23+T23+V23+X23+Z23+AB23+AD23 -> 12726255
A24: BLU | B24: PD6703TF | C24: B170D | D24: CBU | E24: SP | L24: 0 | M24: 0 | N24: 0 | P24: 41000 | R24: 30000 | T24: 70000 | V24: 20000 | X24: 10000 | Z24: 50000 | AB24: 45000 | AD24: 30000 | AE24: =G24+I24+K24+M24+O24+Q24+S24+U24+W24+Y24+AA24+AC24 -> 0 | AF24: =H24+J24+L24+N24+P24+R24+T24+V24+X24+Z24+AB24+AD24 -> 296000
A25: BLU | B25: E6726BL | C25: K5 | D25: CBU | E25: SP | G25: 10000 | H25: 10000 | I25: 10000 | J25: 0 | L25: 10000 | O25: 10000 | Q25: 0 | S25: 10000 | U25: 0 | W25: 10000 | AE25: =G25+I25+K25+M25+O25+Q25+S25+U25+W25+Y25+AA25+AC25 -> 50000 | AF25: =H25+J25+L25+N25+P25+R25+T25+V25+X25+Z25+AB25+AD25 -> 20000
A26: BLU | B26: E6733BL | C26: K20 | D26: CBU | E26: SP | G26: 10000 | H26: 10000 | I26: 10000 | J26: 0 | L26: 10000 | Q26: 10000 | U26: 10000 | AE26: =G26+I26+K26+M26+O26+Q26+S26+U26+W26+Y26+AA26+AC26 -> 40000 | AF26: =H26+J26+L26+N26+P26+R26+T26+V26+X26+Z26+AB26+AD26 -> 20000
A27: BLU | B27: E6730BL | C27: K30 | D27: CBU | E27: SP | G27: 6000 | H27: 5980 | I27: 4000 | L27: 4020 | Q27: 10000 | AE27: =G27+I27+K27+M27+O27+Q27+S27+U27+W27+Y27+AA27+AC27 -> 20000 | AF27: =H27+J27+L27+N27+P27+R27+T27+V27+X27+Z27+AB27+AD27 -> 10000
A28: BLU | B28: E6810 | D28: CBU | E28: SP | O28: 10000 | U28: 10000 | Y28: 10000 | AC28: 10000 | AE28: =G28+I28+K28+M28+O28+Q28+S28+U28+W28+Y28+AA28+AC28 -> 40000 | AF28: =H28+J28+L28+N28+P28+R28+T28+V28+X28+Z28+AB28+AD28 -> 0
A29: BLU小计 | F29: =SUM(F24:F24) -> 0 | G29: =SUM(G24:G28) -> 26000 | H29: =SUM(H24:H28) -> 25980 | I29: =SUM(I24:I28) -> 24000 | J29: =SUM(J24:J28) -> 0 | K29: =SUM(K24:K28) -> 0 | L29: =SUM(L24:L28) -> 24020 | M29: =SUM(M24:M28) -> 0 | N29: =SUM(N24:N28) -> 0 | ... AD29: =SUM(AD24:AD28) -> 30000 | AE29: =G29+I29+K29+M29+O29+Q29+S29+U29+W29+Y29+AA29+AC29 -> 150000 | AF29: =H29+J29+L29+N29+P29+R29+T29+V29+X29+Z29+AB29+AD29 -> 346000
A30: LF | B30: E6726LF | C30: HERO | D30: CBU | E30: SP | G30: 10000 | H30: 10000 | M30: 10000 | P30: 5000 | Q30: 10000 | U30: 10000 | Z30: 10000 | AE30: =G30+I30+K30+M30+O30+Q30+S30+U30+W30+Y30+AA30+AC30 -> 40000 | AF30: =H30+J30+L30+N30+P30+R30+T30+V30+X30+Z30+AB30+AD30 -> 25000
A31: LF | B31: E6733LF | C31: IDOL | D31: CBU | E31: SP | G31: 10000 | H31: 10000 | O31: 10000 | S31: 10000 | AE31: =G31+I31+K31+M31+O31+Q31+S31+U31+W31+Y31+AA31+AC31 -> 30000 | AF31: =H31+J31+L31+N31+P31+R31+T31+V31+X31+Z31+AB31+AD31 -> 10000
A32: LF | B32: E6730LF | C32: STAR | D32: CBU | E32: SP | G32: 3000 | H32: 3000 | I32: 7000 | K32: 7000 | Q32: 10000 | AE32: =G32+I32+K32+M32+O32+Q32+S32+U32+W32+Y32+AA32+AC32 -> 27000 | AF32: =H32+J32+L32+N32+P32+R32+T32+V32+X32+Z32+AB32+AD32 -> 3000
A33: LF | B33: E6707LF | C33: VISION | D33: CBU | E33: SP | G33: 1500 | H33: 1500 | I33: 8500 | K33: 8500 | Q33: 10000 | AE33: =G33+I33+K33+M33+O33+Q33+S33+U33+W33+Y33+AA33+AC33 -> 28500 | AF33: =H33+J33+L33+N33+P33+R33+T33+V33+X33+Z33+AB33+AD33 -> 1500
A34: LF | B34: E6810LF | C34: SIMPLE | D34: CBU | E34: SP | O34: 10000 | R34: 12000 | T34: 3000 | U34: 10000 | Y34: 10000 | Z34: 10000 | AE34: =G34+I34+K34+M34+O34+Q34+S34+U34+W34+Y34+AA34+AC34 -> 30000 | AF34: =H34+J34+L34+N34+P34+R34+T34+V34+X34+Z34+AB34+AD34 -> 25000
A35: LF小计 | F35: =SUM(F30:F30) -> 0 | G35: =SUM(G30:G34) -> 24500 | H35: =SUM(H30:H34) -> 24500 | I35: =SUM(I30:I34) -> 15500 | J35: =SUM(J30:J34) -> 0 | K35: =SUM(K30:K34) -> 15500 | L35: =SUM(L30:L34) -> 0 | M35: =SUM(M30:M34) -> 10000 | N35: =SUM(N30:N34) -> 0 | ... U35: =SUM(U30:U34) -> 20000 | W35: =SUM(W30:W34) -> 0 | Y35: =SUM(Y30:Y34) -> 10000 | Z35: =SUM(Z30:Z34) -> 20000 | AA35: =SUM(AA30:AA34) -> 0 | AC35: =SUM(AC30:AC34) -> 0 | AE35: =G35+I35+K35+M35+O35+Q35+S35+U35+W35+Y35+AA35+AC35 -> 155500 | AF35: =H35+J35+L35+N35+P35+R35+T35+V35+X35+Z35+AB35+AD35 -> 64500
A36: Mobicel | B36: E5042MBC | C36: F51 | D36: SKD | E36: SP | F36: =#REF!+#REF!+#REF!+#REF!+#REF! -> #REF! | G36: 20000 | H36: 20000 | K36: 32500 | L36: 32500 | N36: 20000 | O36: 20000 | P36: 15000 | R36: 35000 | S36: 20000 | AE36: =G36+I36+K36+M36+O36+Q36+S36+U36+W36+Y36+AA36+AC36 -> 92500 | AF36: =H36+J36+L36+N36+P36+R36+T36+V36+X36+Z36+AB36+AD36 -> 122500
A37: Mobicel | B37: E6731MBC | C37: X7 | D37: SKD | E37: SP | F37: =#REF!+#REF!+#REF!+#REF!+#REF! -> #REF! | G37: 10000 | H37: 10800 | O37: 20000 | S37: 20000 | W37: 10000 | AE37: =G37+I37+K37+M37+O37+Q37+S37+U37+W37+Y37+AA37+AC37 -> 60000 | AF37: =H37+J37+L37+N37+P37+R37+T37+V37+X37+Z37+AB37+AD37 -> 10800
A38: Mobicel小计 | F38: =SUM(F36:F37) -> #REF! | G38: =SUM(G36:G37) -> 30000 | H38: =SUM(H36:H37) -> 30800 | I38: =SUM(I36:I37) -> 0 | J38: =SUM(J36:J37) -> 0 | K38: =SUM(K36:K37) -> 32500 | L38: =SUM(L36:L37) -> 32500 | M38: =SUM(M36:M37) -> 0 | ... S38: =SUM(S36:S37) -> 40000 | U38: =SUM(U36:U37) -> 0 | W38: =SUM(W36:W37) -> 10000 | X38: =SUM(X36:X37) -> 0 | Y38: =SUM(Y36:Y37) -> 0 | Z38: =SUM(Z36:Z37) -> 0 | AA38: =SUM(AA36:AA37) -> 0 | AB38: =SUM(AB36:AB37) -> 0 | AC38: =SUM(AC36:AC37) -> 0 | AE38: =G38+I38+K38+M38+O38+Q38+S38+U38+W38+Y38+AA38+AC38 -> 152500 | AF38: =H38+J38+L38+N38+P38+R38+T38+V38+X38+Z38+AB38+AD38 -> 133300
A39: XM | B39: E6707XM | C39: Ultra 8 | D39: SKD | E39: SP | G39: 3030 | H39: 3030 | AE39: =G39+I39+K39+M39+O39+Q39+S39+U39+W39+Y39+AA39+AC39 -> 3030 | AF39: =H39+J39+L39+N39+P39+R39+T39+V39+X39+Z39+AB39+AD39 -> 3030
A40: XM | B40: E6707XM Pro | C40: Ultra 8 Pro | D40: SKD | E40: SP | G40: 3030 | H40: 3030 | AE40: =G40+I40+K40+M40+O40+Q40+S40+U40+W40+Y40+AA40+AC40 -> 3030 | AF40: =H40+J40+L40+N40+P40+R40+T40+V40+X40+Z40+AB40+AD40 -> 3030
A41: XM | B41: E6721 | C41: Neo 8i | D41: SKD | E41: SP | G41: 4040 | H41: 4040 | AE41: =G41+I41+K41+M41+O41+Q41+S41+U41+W41+Y41+AA41+AC41 -> 4040 | AF41: =H41+J41+L41+N41+P41+R41+T41+V41+X41+Z41+AB41+AD41 -> 4040
A42: XM | B42: E6721Pro | C42: Neo 9i | D42: SKD | E42: SP | G42: 4040 | H42: 4040 | AE42: =G42+I42+K42+M42+O42+Q42+S42+U42+W42+Y42+AA42+AC42 -> 4040 | AF42: =H42+J42+L42+N42+P42+R42+T42+V42+X42+Z42+AB42+AD42 -> 4040
A43: XM | B43: E6731 | C43: Neo 8lite | D43: SKD | E43: SP | F43: 0 | O43: 5000 | Q43: 5000 | S43: 5000 | U43: 5000 | W43: 5000 | Y43: 5000 | AA43: 5000 | AC43: 5000 | AE43: =G43+I43+K43+M43+O43+Q43+S43+U43+W43+Y43+AA43+AC43 -> 40000 | AF43: =H43+J43+L43+N43+P43+R43+T43+V43+X43+Z43+AB43+AD43 -> 0
A44: XM | B44: E6810 | D44: SKD | E44: SP | F44: 0 | O44: 5000 | Q44: 5000 | S44: 5000 | U44: 5000 | W44: 5000 | Y44: 5000 | AA44: 5000 | AC44: 5000 | AE44: =G44+I44+K44+M44+O44+Q44+S44+U44+W44+Y44+AA44+AC44 -> 40000 | AF44: =H44+J44+L44+N44+P44+R44+T44+V44+X44+Z44+AB44+AD44 -> 0
A45: XM | B45: E6728 | D45: SKD | E45: SP | F45: 0 | Q45: 5000 | S45: 5000 | W45: 5000 | AA45: 5000 | AE45: =G45+I45+K45+M45+O45+Q45+S45+U45+W45+Y45+AA45+AC45 -> 20000 | AF45: =H45+J45+L45+N45+P45+R45+T45+V45+X45+Z45+AB45+AD45 -> 0
A46: XM | B46: E6730 | D46: SKD | E46: SP | F46: 0 | Q46: 5000 | S46: 5000 | W46: 5000 | AA46: 5000 | AE46: =G46+I46+K46+M46+O46+Q46+S46+U46+W46+Y46+AA46+AC46 -> 20000 | AF46: =H46+J46+L46+N46+P46+R46+T46+V46+X46+Z46+AB46+AD46 -> 0
A47: XM | B47: E675AXM | C47: TBD | D47: SKD | E47: SP | F47: 0 | AB47: 5050 | AD47: 5050 | AE47: =G47+I47+K47+M47+O47+Q47+S47+U47+W47+Y47+AA47+AC47 -> 0 | AF47: =H47+J47+L47+N47+P47+R47+T47+V47+X47+Z47+AB47+AD47 -> 10100
A48: XM小计 | F48: =SUM(F39:F43) -> 0 | G48: =SUM(G39:G47) -> 14140 | H48: =SUM(H39:H47) -> 14140 | I48: =SUM(I39:I47) -> 0 | J48: =SUM(J39:J47) -> 0 | K48: =SUM(K39:K47) -> 0 | L48: =SUM(L39:L47) -> 0 | M48: =SUM(M39:M47) -> 0 | N48: =SUM(N39:N47) -> 0 | ... AD48: =SUM(AD39:AD47) -> 5050 | AE48: =G48+I48+K48+M48+O48+Q48+S48+U48+W48+Y48+AA48+AC48 -> 134140 | AF48: =H48+J48+L48+N48+P48+R48+T48+V48+X48+Z48+AB48+AD48 -> 24240
A49: ZTE | B49: E6706ZTE | C49: V60 | D49: CBU | E49: SP | G49: 1868 | H49: 1868 | J49: 5100 | K49: 5100 | AE49: =G49+I49+K49+M49+O49+Q49+S49+U49+W49+Y49+AA49+AC49 -> 6968 | AF49: =H49+J49+L49+N49+P49+R49+T49+V49+X49+Z49+AB49+AD49 -> 6968
A50: ZTE | B50: E6718ZTE | C50: A55 | D50: CBU | E50: SP | G50: 88336 | H50: 86684 | I50: 73110 | J50: 98652 | K50: 108200 | L50: 96356 | M50: 51132 | N50: 54586 | P50: 56235 | R50: 38482 | T50: 21002 | V50: 6281 | X50: 2856 | Z50: 4088 | AB50: 4080 | AD50: 5610 | AE50: =G50+I50+K50+M50+O50+Q50+S50+U50+W50+Y50+AA50+AC50 -> 320778 | AF50: =H50+J50+L50+N50+P50+R50+T50+V50+X50+Z50+AB50+AD50 -> 474912
A51: ZTE | B51: E6725ZTE | C51: A35 | D51: CBU | E51: SP | G51: 202226 | H51: 191391 | I51: 118292 | J51: 151778 | K51: 187790 | L51: 206600 | M51: 48126 | N51: 153348 | P51: 85383 | R51: 77411 | T51: 22010 | X51: 2007 | AE51: =G51+I51+K51+M51+O51+Q51+S51+U51+W51+Y51+AA51+AC51 -> 556434 | AF51: =H51+J51+L51+N51+P51+R51+T51+V51+X51+Z51+AB51+AD51 -> 889928
A52: ZTE | B52: E6728ZTE | C52: V70D | D52: CBU | E52: SP | F52: 0 | G52: 73734 | H52: 63261 | I52: 6565 | J52: 10054 | K52: 11990 | L52: 8632 | M52: 20000 | N52: 52030 | O52: 20000 | P52: 18116 | Q52: 20000 | R52: 38557 | S52: 20000 | T52: 16269 | U52: 20000 | V52: 37459 | W52: 7711 | X52: 35798 | Z52: 14655 | AB52: 19379 | AD52: 18233 | AE52: =G52+I52+K52+M52+O52+Q52+S52+U52+W52+Y52+AA52+AC52 -> 200000 | AF52: =H52+J52+L52+N52+P52+R52+T52+V52+X52+Z52+AB52+AD52 -> 332443
A53: ZTE | B53: E6730ZTE | C53: V70 | D53: CBU | E53: SP | G53: 45079 | H53: 33233 | I53: 35577 | J53: 22492 | K53: 109633 | L53: 47501 | M53: 80000 | N53: 34788 | O53: 80000 | P53: 42020 | Q53: 80000 | R53: 5078 | S53: 80000 | T53: 41346 | U53: 80000 | V53: 32509 | W53: 9711 | X53: 48127 | Z53: 3690 | AE53: =G53+I53+K53+M53+O53+Q53+S53+U53+W53+Y53+AA53+AC53 -> 600000 | AF53: =H53+J53+L53+N53+P53+R53+T53+V53+X53+Z53+AB53+AD53 -> 310784
A54: ZTE | B54: E6739ZC | C54: A36 | D54: CBU | E54: SP | M54: 20000 | O54: 350000 | P54: 146755 | Q54: 300000 | R54: 184119 | S54: 400000 | T54: 314049 | U54: 500000 | V54: 238419 | W54: 500000 | X54: 629337 | Y54: 500000 | Z54: 365957 | AA54: 400000 | AB54: 486517 | AC54: 400000 | AD54: 539084 | AE54: =G54+I54+K54+M54+O54+Q54+S54+U54+W54+Y54+AA54+AC54 -> 3370000 | AF54: =H54+J54+L54+N54+P54+R54+T54+V54+X54+Z54+AB54+AD54 -> 2904237
A55: ZTE | B55: E6750ZC | C55: A56 | D55: CBU | E55: SP | O55: 200000 | P55: 133371 | Q55: 150000 | R55: 145483 | S55: 250000 | T55: 88409 | U55: 350000 | V55: 97728 | W55: 350000 | X55: 151448 | Y55: 350000 | Z55: 151558 | AA55: 300000 | AB55: 130051 | AC55: 354050 | AD55: 76447 | AE55: =G55+I55+K55+M55+O55+Q55+S55+U55+W55+Y55+AA55+AC55 -> 2304050 | AF55: =H55+J55+L55+N55+P55+R55+T55+V55+X55+Z55+AB55+AD55 -> 974495
A56: ZTE | B56: E6757ZC | C56: A76 | D56: CBU | E56: SP | F56: 0 | O56: 100000 | P56: 27145 | Q56: 100000 | R56: 51965 | S56: 100000 | T56: 105293 | U56: 100000 | V56: 163639 | W56: 100000 | X56: 83159 | Y56: 100000 | Z56: 81369 | AA56: 100000 | AB56: 88544 | AC56: 100000 | AD56: 176235 | AE56: =G56+I56+K56+M56+O56+Q56+S56+U56+W56+Y56+AA56+AC56 -> 800000 | AF56: =H56+J56+L56+N56+P56+R56+T56+V56+X56+Z56+AB56+AD56 -> 777349
A57: ZTE | D57: CBU | E57: SP | F57: 0 | AE57: =G57+I57+K57+M57+O57+Q57+S57+U57+W57+Y57+AA57+AC57 -> 0 | AF57: =H57+J57+L57+N57+P57+R57+T57+V57+X57+Z57+AB57+AD57 -> 0
A58: ZTE小计 | F58: =SUM(F49:F54) -> 0 | G58: =SUM(G49:G57) -> 411243 | H58: =SUM(H49:H57) -> 376437 | I58: =SUM(I49:I57) -> 233544 | J58: =SUM(J49:J57) -> 288076 | K58: =SUM(K49:K57) -> 422713 | L58: =SUM(L49:L57) -> 359089 | M58: =SUM(M49:M57) -> 219258 | N58: =SUM(N49:N57) -> 294752 | ... AD58: =SUM(AD49:AD57) -> 815609 | AE58: =G58+I58+K58+M58+O58+Q58+S58+U58+W58+Y58+AA58+AC58 -> 8158230 | AF58: =H58+J58+L58+N58+P58+R58+T58+V58+X58+Z58+AB58+AD58 -> 6671116
A59: ZYB | B59: PD1205 | C59: T30A | D59: CBU | E59: PAD | G59: 67040 | H59: 67040 | I59: 70000 | J59: 75000 | K59: 70000 | L59: 52560 | M59: 50000 | N59: 54540 | O59: 0 | P59: 61960 | R59: 1940 | AE59: =G59+I59+K59+M59+O59+Q59+S59+U59+W59+Y59+AA59+AC59 -> 257040 | AF59: =H59+J59+L59+N59+P59+R59+T59+V59+X59+Z59+AB59+AD59 -> 313040
A60: ZYB | B60: PD1207 | C60: T30B | D60: CBU | E60: PAD | O60: 50000 | P60: 10000 | Q60: 30000 | R60: 78840 | S60: 20000 | T60: 96660 | U60: 20000 | V60: 85520 | W60: 20000 | X60: 23980 | Y60: 20000 | AA60: 20000 | AC60: 20000 | AE60: =G60+I60+K60+M60+O60+Q60+S60+U60+W60+Y60+AA60+AC60 -> 200000 | AF60: =H60+J60+L60+N60+P60+R60+T60+V60+X60+Z60+AB60+AD60 -> 295000
A61: ZYB | B61: PD1211 | C61: Leto | D61: CBU | E61: PAD | T61: 40850 | V61: 147620 | X61: 154400 | Z61: 54420 | AB61: 32710 | AE61: =G61+I61+K61+M61+O61+Q61+S61+U61+W61+Y61+AA61+AC61 -> 0 | AF61: =H61+J61+L61+N61+P61+R61+T61+V61+X61+Z61+AB61+AD61 -> 430000
A62: ZYB | B62: PD1302 | C62: Alice | D62: CBU | E62: PAD | M62: 5000 | N62: 5172 | O62: 5000 | P62: 6934 | Q62: 20000 | R62: 24620 | S62: 20000 | T62: 37260 | U62: 25000 | V62: 69480 | W62: 25000 | X62: 108010 | Y62: 25000 | Z62: 60480 | AA62: 20465 | AB62: 54900 | AC62: 25000 | AD62: 37144 | AE62: =G62+I62+K62+M62+O62+Q62+S62+U62+W62+Y62+AA62+AC62 -> 170465 | AF62: =H62+J62+L62+N62+P62+R62+T62+V62+X62+Z62+AB62+AD62 -> 404000
A63: ZYB | B63: PD1403 | C63: Apollo | D63: CBU | E63: PAD | G63: 8640 | H63: 8640 | I63: 6000 | J63: 4860 | K63: 6000 | L63: 5250 | M63: 5000 | N63: 3240 | O63: 5000 | P63: 5940 | Q63: 5000 | R63: 720 | S63: 5000 | T63: 3780 | U63: 5000 | V63: 8460 | W63: 5000 | X63: 8460 | Y63: 5000 | Z63: 6840 | AA63: 5000 | AB63: 6984 | AC63: 5000 | AD63: 3060 | AE63: =G63+I63+K63+M63+O63+Q63+S63+U63+W63+Y63+AA63+AC63 -> 65640 | AF63: =H63+J63+L63+N63+P63+R63+T63+V63+X63+Z63+AB63+AD63 -> 66234
A64: ZYB | D64: CBU | E64: PAD | AE64: =G64+I64+K64+M64+O64+Q64+S64+U64+W64+Y64+AA64+AC64 -> 0 | AF64: =H64+J64+L64+N64+P64+R64+T64+V64+X64+Z64+AB64+AD64 -> 0
A65: ZYB小计 | F65: =SUM(F59:F64) -> 0 | G65: =SUM(G59:G64) -> 75680 | H65: =SUM(H59:H64) -> 75680 | I65: =SUM(I59:I64) -> 76000 | J65: =SUM(J59:J64) -> 79860 | K65: =SUM(K59:K64) -> 76000 | L65: =SUM(L59:L64) -> 57810 | M65: =SUM(M59:M64) -> 60000 | ... AC65: =SUM(AC59:AC64) -> 50000 | AE65: =G65+I65+K65+M65+O65+Q65+S65+U65+W65+Y65+AA65+AC65 -> 693145 | AF65: =H65+J65+L65+N65+P65+R65+T65+V65+X65+Z65+AB65+AD65 -> 1468070
A66: Xiaodu | B66: PD1102BD | C66: XD-SDB21-2301 | D66: CBU | E66: PAD | G66: 1520 | H66: 1520 | O66: 3000 | U66: 3000 | V66: 5000 | AA66: 3000 | AE66: =G66+I66+K66+M66+O66+Q66+S66+U66+W66+Y66+AA66+AC66 -> 10520 | AF66: =H66+J66+L66+N66+P66+R66+T66+V66+X66+Z66+AB66+AD66 -> 6520
A67: Xiaodu | B67: PD1206BD | C67: 银杏 | D67: CBU | E67: PAD | G67: 16072 | H67: 19980 | I67: 10000 | J67: 10000 | K67: 10000 | M67: 10000 | O67: 10000 | Q67: 20000 | S67: 20000 | U67: 10000 | W67: 10000 | Y67: 10000 | AA67: 10000 | AC67: 10000 | AE67: =G67+I67+K67+M67+O67+Q67+S67+U67+W67+Y67+AA67+AC67 -> 146072 | AF67: =H67+J67+L67+N67+P67+R67+T67+V67+X67+Z67+AB67+AD67 -> 29980
A68: Xiaodu | B68: PD1405BD | C68: 云杉 | D68: CBU | E68: PAD | I68: 2000 | L68: 2000 | O68: 6000 | U68: 6000 | AA68: 6000 | AE68: =G68+I68+K68+M68+O68+Q68+S68+U68+W68+Y68+AA68+AC68 -> 20000 | AF68: =H68+J68+L68+N68+P68+R68+T68+V68+X68+Z68+AB68+AD68 -> 2000
A69: Xiaodu | B69: PD1208BD | D69: CBU | E69: PAD | L69: 20000 | V69: 5760 | AA69: 0 | AE69: =G69+I69+K69+M69+O69+Q69+S69+U69+W69+Y69+AA69+AC69 -> 0 | AF69: =H69+J69+L69+N69+P69+R69+T69+V69+X69+Z69+AB69+AD69 -> 25760
A70: Xiaodu小计 | F70: =SUM(F66:F69) -> 0 | G70: =SUM(G66:G69) -> 17592 | H70: =SUM(H66:H69) -> 21500 | I70: =SUM(I66:I69) -> 12000 | J70: =SUM(J66:J69) -> 10000 | K70: =SUM(K66:K69) -> 10000 | L70: =SUM(L66:L69) -> 22000 | M70: =SUM(M66:M69) -> 10000 | ... AA70: =SUM(AA66:AA69) -> 19000 | AC70: =SUM(AC66:AC69) -> 10000 | AE70: =G70+I70+K70+M70+O70+Q70+S70+U70+W70+Y70+AA70+AC70 -> 176592 | AF70: =H70+J70+L70+N70+P70+R70+T70+V70+X70+Z70+AB70+AD70 -> 64260
A71: GDL | B71: E6728GDL | C71: TBD | D71: SKD | E71: SP | K71: 10000 | N71: 10000 | O71: 10000 | R71: 10000 | S71: 10000 | T71: 10000 | W71: 10000 | X71: 10000 | AE71: =G71+I71+K71+M71+O71+Q71+S71+U71+W71+Y71+AA71+AC71 -> 40000 | AF71: =H71+J71+L71+N71+P71+R71+T71+V71+X71+Z71+AB71+AD71 -> 40000
A72: GDL | B72: E6726GDL | C72: TBD | D72: SKD | E72: SP | T72: 10000 | U72: 10000 | V72: 10000 | X72: 10000 | Y72: 10000 | AA72: 0 | AC72: 10000 | AE72: =G72+I72+K72+M72+O72+Q72+S72+U72+W72+Y72+AA72+AC72 -> 30000 | AF72: =H72+J72+L72+N72+P72+R72+T72+V72+X72+Z72+AB72+AD72 -> 30000
A73: AI | B73: E6758AI/675AI | C73: Pulse1 | D73: CKD | E73: SP | P73: 500 | R73: 69500 | T73: 70000 | V73: 75000 | X73: 110000 | Y73: 0 | Z73: 70000 | AA73: 0 | AC73: 0 | AD73: 20000 | AE73: =G73+I73+K73+M73+O73+Q73+S73+U73+W73+Y73+AA73+AC73 -> 0 | AF73: =H73+J73+L73+N73+P73+R73+T73+V73+X73+Z73+AB73+AD73 -> 415000
A74: AI | B74: E6701AI | C74: Nova 1 | D74: CKD | E74: SP | R74: 10500 | T74: 109500 | V74: 15000 | X74: 150000 | Y74: 0 | Z74: 20000 | AA74: 0 | AC74: 0 | AE74: =G74+I74+K74+M74+O74+Q74+S74+U74+W74+Y74+AA74+AC74 -> 0 | AF74: =H74+J74+L74+N74+P74+R74+T74+V74+X74+Z74+AB74+AD74 -> 305000
A75: GV | B75: E6810GV | C75: V20 | D75: SKD | E75: SP | P75: 10000 | U75: 0 | X75: 10000 | Y75: 0 | AA75: 0 | AC75: 0 | AE75: =G75+I75+K75+M75+O75+Q75+S75+U75+W75+Y75+AA75+AC75 -> 0 | AF75: =H75+J75+L75+N75+P75+R75+T75+V75+X75+Z75+AB75+AD75 -> 20000
A76: GV | B76: E6731GV | C76: E10 | D76: SKD | E76: SP | P76: 0 | T76: 10000 | U76: 0 | Y76: 0 | AA76: 0 | AB76: 10000 | AC76: 0 | AD76: 30000 | AE76: =G76+I76+K76+M76+O76+Q76+S76+U76+W76+Y76+AA76+AC76 -> 0 | AF76: =H76+J76+L76+N76+P76+R76+T76+V76+X76+Z76+AB76+AD76 -> 50000
A77: SK | B77: E6810SK | C77: EZ2 | D77: SKD | E77: SP | P77: 0 | U77: 0 | X77: 10000 | Y77: 0 | AA77: 0 | AC77: 0 | AE77: =G77+I77+K77+M77+O77+Q77+S77+U77+W77+Y77+AA77+AC77 -> 0 | AF77: =H77+J77+L77+N77+P77+R77+T77+V77+X77+Z77+AB77+AD77 -> 10000
A78: ST | B78: E6726ST | D78: SKD | E78: SP | P78: 0 | U78: 0 | X78: 0 | Y78: 0 | AA78: 0 | AC78: 0 | AD78: 5000 | AE78: =G78+I78+K78+M78+O78+Q78+S78+U78+W78+Y78+AA78+AC78 -> 0 | AF78: =H78+J78+L78+N78+P78+R78+T78+V78+X78+Z78+AB78+AD78 -> 5000
A79: VGT | B79: E6726VGT | D79: SKD | E79: SP | P79: 0 | U79: 0 | X79: 10000 | Y79: 0 | AA79: 0 | AC79: 0 | AE79: =G79+I79+K79+M79+O79+Q79+S79+U79+W79+Y79+AA79+AC79 -> 0 | AF79: =H79+J79+L79+N79+P79+R79+T79+V79+X79+Z79+AB79+AD79 -> 10000
A80: VGT | B80: E675AVGT | D80: SKD | E80: SP | P80: 0 | U80: 0 | X80: 10000 | Y80: 0 | AA80: 0 | AC80: 0 | AE80: =G80+I80+K80+M80+O80+Q80+S80+U80+W80+Y80+AA80+AC80 -> 0 | AF80: =H80+J80+L80+N80+P80+R80+T80+V80+X80+Z80+AB80+AD80 -> 10000
A81: ET | B81: E6767ET | D81: CBU | E81: SP | P81: 0 | U81: 0 | X81: 0 | Y81: 0 | AA81: 0 | AB81: 19993 | AC81: 0 | AE81: =G81+I81+K81+M81+O81+Q81+S81+U81+W81+Y81+AA81+AC81 -> 0 | AF81: =H81+J81+L81+N81+P81+R81+T81+V81+X81+Z81+AB81+AD81 -> 19993
A82: Doro | B82: B2442DR | D82: CBU | E82: FP | H82: 5000 | I82: 5000 | J82: 5000 | K82: 5000 | AB82: 10000 | AE82: =G82+I82+K82+M82+O82+Q82+S82+U82+W82+Y82+AA82+AC82 -> 10000 | AF82: =H82+J82+L82+N82+P82+R82+T82+V82+X82+Z82+AB82+AD82 -> 20000
A83: Assr | B83: P2001ASR | D83: CBU | E83: FP | H83: 0 | I83: 0 | J83: 0 | K83: 0 | Z83: 0 | AB83: 10000 | AE83: =G83+I83+K83+M83+O83+Q83+S83+U83+W83+Y83+AA83+AC83 -> 0 | AF83: =H83+J83+L83+N83+P83+R83+T83+V83+X83+Z83+AB83+AD83 -> 10000
A84: Wiko | B84: E6733 | C84: TBD | D84: CBU | E84: SP | F84: =#REF!+#REF!+#REF!+#REF!+#REF! -> #REF! | I84: 2400 | M84: 4200 | N84: 1530 | O84: 4500 | AE84: =G84+I84+K84+M84+O84+Q84+S84+U84+W84+Y84+AA84+AC84 -> 11100 | AF84: =H84+J84+L84+N84+P84+R84+T84+V84+X84+Z84+AB84+AD84 -> 1530
A85: Wiko | B85: E6733 | C85: TBD | D85: CBU | E85: SP | I85: 5600 | M85: 9800 | N85: 2600 | O85: 10500 | AE85: =G85+I85+K85+M85+O85+Q85+S85+U85+W85+Y85+AA85+AC85 -> 25900 | AF85: =H85+J85+L85+N85+P85+R85+T85+V85+X85+Z85+AB85+AD85 -> 2600
A86: Wiko | B86: E6733 | C86: TBD | D86: SKD | E86: SP | Q86: 6000 | S86: 6000 | U86: 6000 | W86: 6000 | Y86: 6000 | AA86: 6000 | AC86: 6000 | AE86: =G86+I86+K86+M86+O86+Q86+S86+U86+W86+Y86+AA86+AC86 -> 42000 | AF86: =H86+J86+L86+N86+P86+R86+T86+V86+X86+Z86+AB86+AD86 -> 0
A87: Wiko | B87: E6733 | C87: TBD | D87: SKD | E87: SP | F87: =#REF!+#REF!+#REF!+#REF!+#REF! -> #REF! | Q87: 14000 | S87: 14000 | U87: 14000 | W87: 14000 | Y87: 14000 | AA87: 14000 | AC87: 14000 | AE87: =G87+I87+K87+M87+O87+Q87+S87+U87+W87+Y87+AA87+AC87 -> 98000 | AF87: =H87+J87+L87+N87+P87+R87+T87+V87+X87+Z87+AB87+AD87 -> 0
A88: Wiko | B88: 后续产品 | C88: TBD | D88: CBU | E88: SP | S88: 10000 | U88: 10000 | W88: 15000 | Y88: 15000 | AA88: 15000 | AC88: 15000 | AE88: =G88+I88+K88+M88+O88+Q88+S88+U88+W88+Y88+AA88+AC88 -> 80000 | AF88: =H88+J88+L88+N88+P88+R88+T88+V88+X88+Z88+AB88+AD88 -> 0
A89: 新客户-Sherman | B89: 手机 | C89: TBD | D89: CBU | E89: SP | S89: 15000 | U89: 15000 | W89: 15000 | Y89: 20000 | AA89: 20000 | AC89: 18700 | AE89: =G89+I89+K89+M89+O89+Q89+S89+U89+W89+Y89+AA89+AC89 -> 103700 | AF89: =H89+J89+L89+N89+P89+R89+T89+V89+X89+Z89+AB89+AD89 -> 0
A90: 日本MNVO | B90: 平板 | C90: TBD | D90: CBU | E90: PAD | AA90: 12500 | AE90: =G90+I90+K90+M90+O90+Q90+S90+U90+W90+Y90+AA90+AC90 -> 12500 | AF90: =H90+J90+L90+N90+P90+R90+T90+V90+X90+Z90+AB90+AD90 -> 0
A91: 日本MNVO | B91: IoT | C91: TBD | D91: CBU | E91: AIOT | AA91: 12500 | AE91: =G91+I91+K91+M91+O91+Q91+S91+U91+W91+Y91+AA91+AC91 -> 12500 | AF91: =H91+J91+L91+N91+P91+R91+T91+V91+X91+Z91+AB91+AD91 -> 0
A92: YTF | B92: E6733YTF | C92: V35 | D92: CBU | E92: SP | G92: 10000 | H92: 10200 | M92: 10000 | N92: 1800 | P92: 8400 | Q92: 10000 | S92: 0 | U92: 10000 | X92: 10200 | AE92: =G92+I92+K92+M92+O92+Q92+S92+U92+W92+Y92+AA92+AC92 -> 40000 | AF92: =H92+J92+L92+N92+P92+R92+T92+V92+X92+Z92+AB92+AD92 -> 30600
A93: YTF | B93: E6810YTF | C93: V30 | D93: CBU | E93: SP | R93: 10200 | U93: 0 | X93: 5100 | Y93: 0 | AA93: 0 | AC93: 0 | AE93: =G93+I93+K93+M93+O93+Q93+S93+U93+W93+Y93+AA93+AC93 -> 0 | AF93: =H93+J93+L93+N93+P93+R93+T93+V93+X93+Z93+AB93+AD93 -> 15300
A94: YTF | B94: E6766YTF | C94: T15 | D94: CBU | E94: SP | R94: 0 | U94: 0 | X94: 15300 | Y94: 0 | Z94: 5095 | AA94: 0 | AC94: 0 | AE94: =G94+I94+K94+M94+O94+Q94+S94+U94+W94+Y94+AA94+AC94 -> 0 | AF94: =H94+J94+L94+N94+P94+R94+T94+V94+X94+Z94+AB94+AD94 -> 20395
A95: MC | B95: E6726MC | C95: S7 | D95: CBU | E95: SP | K95: 10000 | L95: 10000 | Q95: 10000 | U95: 10000 | Y95: 10000 | AE95: =G95+I95+K95+M95+O95+Q95+S95+U95+W95+Y95+AA95+AC95 -> 40000 | AF95: =H95+J95+L95+N95+P95+R95+T95+V95+X95+Z95+AB95+AD95 -> 10000
A96: MC | B96: E6733MC | C96: S9 | D96: CBU | E96: SP | K96: 10000 | L96: 10000 | Q96: 10000 | U96: 10000 | AE96: =G96+I96+K96+M96+O96+Q96+S96+U96+W96+Y96+AA96+AC96 -> 30000 | AF96: =H96+J96+L96+N96+P96+R96+T96+V96+X96+Z96+AB96+AD96 -> 10000
A97: MC | B97: E6810MC | C97: TBD | D97: CBU | E97: SP | O97: 10000 | S97: 10000 | W97: 10000 | AA97: 10000 | AE97: =G97+I97+K97+M97+O97+Q97+S97+U97+W97+Y97+AA97+AC97 -> 40000 | AF97: =H97+J97+L97+N97+P97+R97+T97+V97+X97+Z97+AB97+AD97 -> 0
A98: LT | B98: E6707 | C98: 6707LT | D98: CBU | E98: SP | F98: =#REF!+#REF!+#REF!+#REF!+#REF! -> #REF! | M98: 20000 | S98: 10000 | W98: 10000 | AE98: =G98+I98+K98+M98+O98+Q98+S98+U98+W98+Y98+AA98+AC98 -> 40000 | AF98: =H98+J98+L98+N98+P98+R98+T98+V98+X98+Z98+AB98+AD98 -> 0
A99: 腾讯 | B99: PD5501TX | D99: CBU | E99: AIOT | I99: 100 | K99: 0 | O99: 10000 | Q99: 10000 | S99: 10000 | U99: 10000 | W99: 10000 | Y99: 10000 | AA99: 10000 | AC99: 6400 | AE99: =G99+I99+K99+M99+O99+Q99+S99+U99+W99+Y99+AA99+AC99 -> 76500 | AF99: =H99+J99+L99+N99+P99+R99+T99+V99+X99+Z99+AB99+AD99 -> 0
A100: 巨鼎 | B100: P8012JD | D100: CBU | E100: AIOT | I100: 1224 | AE100: =G100+I100+K100+M100+O100+Q100+S100+U100+W100+Y100+AA100+AC100 -> 1224 | AF100: =H100+J100+L100+N100+P100+R100+T100+V100+X100+Z100+AB100+AD100 -> 0
...

Sheet 数量汇总
B2: 客户 | C2: 2025年
C3: 1月分解 | D3: 1月实际 | E3: 2月分解 | F3: 2月实际 | G3: 3月分解 | H3: 3月实际 | I3: 4月分解 | J3: 4月实际 | K3: 5月分解 | L3: 5月实际 | M3: 6月分解 | N3: 6月实际 | O3: 7月分解 | P3: 7月实际 | Q3: 8月分解 | R3: 8月实际 | S3: 9月分解 | T3: 9月实际 | U3: 10月分解 | V3: 10月实际 | W3: 11月分解 | X3: 11月实际 | Y3: 12月分解 | Z3: 12月实际 | AA3: 全年分解目标 | AB3: 全年已完成
B4: LAVA | C4: =SUMIF('手机&平板保底版销售计划数量VS 实际出货'!A:A,B4,'手机&平板保底版销售计划数量VS 实际出货'!G:G) -> 60000 | D4: =SUMIF('手机&平板保底版销售计划数量VS 实际出货'!A:A,B4,'手机&平板保底版销售计划数量VS 实际出货'!H:H) -> 60000 | E4: =SUMIF('手机&平板保底版销售计划数量VS 实际出货'!A:A,B4,'手机&平板保底版销售计划数量VS 实际出货'!I:I) -> 50000 | F4: =SUMIF('手机&平板保底版销售计划数量VS 实际出货'!A:A,B4,'手机&平板保底版销售计划数量VS 实际出货'!J:J) -> 50000 | G4: =SUMIF('手机&平板保底版销售计划数量VS 实际出货'!A:A,B4,'手机&平板保底版销售计划数量VS 实际出货'!K:K) -> 60000 | H4: =SUMIF('手机&平板保底版销售计划数量VS 实际出货'!A:A,B4,'手机&平板保底版销售计划数量VS 实际出货'!L:L) -> 50500 | I4: =SUMIF('手机&平板保底版销售计划数量VS 实际出货'!A:A,B4,'手机&平板保底版销售计划数量VS 实际出货'!M:M) -> 60000 | J4: =SUMIF('手机&平板保底版销售计划数量VS 实际出货'!A:A,B4,'手机&平板保底版销售计划数量VS 实际出货'!N:N) -> 89500 | K4: =SUMIF('手机&平板保底版销售计划数量VS 实际出货'!A:A,B4,'手机&平板保底版销售计划数量VS 实际出货'!O:O) -> 50000 | L4: =SUMIF('手机&平板保底版销售计划数量VS 实际出货'!A:A,B4,'手机&平板保底版销售计划数量VS 实际出货'!P:P) -> 95000 | M4: =SUMIF('手机&平板保底版销售计划数量VS 实际出货'!A:A,B4,'手机&平板保底版销售计划数量VS 实际出货'!Q:Q) -> 60000 | N4: =SUMIF('手机&平板保底版销售计划数量VS 实际出货'!A:A,B4,'手机&平板保底版销售计划数量VS 实际出货'!R:R) -> 70000 | O4: =SUMIF('手机&平板保底版销售计划数量VS 实际出货'!A:A,B4,'手机&平板保底版销售计划数量VS 实际出货'!S:S) -> 100000 | P4: =SUMIF('手机&平板保底版销售计划数量VS 实际出货'!A:A,B4,'手机&平板保底版销售计划数量VS 实际出货'!T:T) -> 60000 | Q4: =SUMIF('手机&平板保底版销售计划数量VS 实际出货'!A:A,B4,'手机&平板保底版销售计划数量VS 实际出货'!U:U) -> 40000 | R4: =SUMIF('手机&平板保底版销售计划数量VS 实际出货'!A:A,B4,'手机&平板保底版销售计划数量VS 实际出货'!V:V) -> 160500 | S4: =SUMIF('手机&平板保底版销售计划数量VS 实际出货'!A:A,B4,'手机&平板保底版销售计划数量VS 实际出货'!W:W) -> 180000 | T4: =SUMIF('手机&平板保底版销售计划数量VS 实际出货'!A:A,B4,'手机&平板保底版销售计划数量VS 实际出货'!X:X) -> 200000 | U4: =SUMIF('手机&平板保底版销售计划数量VS 实际出货'!A:A,B4,'手机&平板保底版销售计划数量VS 实际出货'!Y:Y) -> 200000 | V4: =SUMIF('手机&平板保底版销售计划数量VS 实际出货'!A:A,B4,'手机&平板保底版销售计划数量VS 实际出货'!Z:Z) -> 30000 | W4: =SUMIF('手机&平板保底版销售计划数量VS 实际出货'!A:A,B4,'手机&平板保底版销售计划数量VS 实际出货'!AA:AA) -> 250000 | X4: =SUMIF('手机&平板保底版销售计划数量VS 实际出货'!A:A,B4,'手机&平板保底版销售计划数量VS 实际出货'!AB:AB) -> 40000 | Y4: =SUMIF('手机&平板保底版销售计划数量VS 实际出货'!A:A,B4,'手机&平板保底版销售计划数量VS 实际出货'!AC:AC) -> 180000 | Z4: =SUMIF('手机&平板保底版销售计划数量VS 实际出货'!A:A,B4,'手机&平板保底版销售计划数量VS 实际出货'!AD:AD) -> 25000 | AA4: =C4+E4+G4+I4+K4+M4+O4+Q4+S4+U4+W4+Y4 -> 1290000 | AB4: =D4+F4+H4+J4+L4+N4+P4+R4+T4+V4+X4+Z4 -> 930500
B5: HMD | C5: =SUMIF('手机&平板保底版销售计划数量VS 实际出货'!A:A,B5,'手机&平板保底版销售计划数量VS 实际出货'!G:G) -> 1460000 | D5: =SUMIF('手机&平板保底版销售计划数量VS 实际出货'!A:A,B5,'手机&平板保底版销售计划数量VS 实际出货'!H:H) -> 1608262 | E5: =SUMIF('手机&平板保底版销售计划数量VS 实际出货'!A:A,B5,'手机&平板保底版销售计划数量VS 实际出货'!I:I) -> 1250000 | F5: =SUMIF('手机&平板保底版销售计划数量VS 实际出货'!A:A,B5,'手机&平板保底版销售计划数量VS 实际出货'!J:J) -> 895376 | G5: =SUMIF('手机&平板保底版销售计划数量VS 实际出货'!A:A,B5,'手机&平板保底版销售计划数量VS 实际出货'!K:K) -> 1150000 | H5: =SUMIF('手机&平板保底版销售计划数量VS 实际出货'!A:A,B5,'手机&平板保底版销售计划数量VS 实际出货'!L:L) -> 873772 | I5: =SUMIF('手机&平板保底版销售计划数量VS 实际出货'!A:A,B5,'手机&平板保底版销售计划数量VS 实际出货'!M:M) -> 1100000 | J5: =SUMIF('手机&平板保底版销售计划数量VS 实际出货'!A:A,B5,'手机&平板保底版销售计划数量VS 实际出货'!N:N) -> 821378 | K5: =SUMIF('手机&平板保底版销售计划数量VS 实际出货'!A:A,B5,'手机&平板保底版销售计划数量VS 实际出货'!O:O) -> 1270000 | L5: =SUMIF('手机&平板保底版销售计划数量VS 实际出货'!A:A,B5,'手机&平板保底版销售计划数量VS 实际出货'!P:P) -> 1071490 | M5: =SUMIF('手机&平板保底版销售计划数量VS 实际出货'!A:A,B5,'手机&平板保底版销售计划数量VS 实际出货'!Q:Q) -> 1250000 | N5: =SUMIF('手机&平板保底版销售计划数量VS 实际出货'!A:A,B5,'手机&平板保底版销售计划数量VS 实际出货'!R:R) -> 723562 | O5: =SUMIF('手机&平板保底版销售计划数量VS 实际出货'!A:A,B5,'手机&平板保底版销售计划数量VS 实际出货'!S:S) -> 1490000 | P5: =SUMIF('手机&平板保底版销售计划数量VS 实际出货'!A:A,B5,'手机&平板保底版销售计划数量VS 实际出货'!T:T) -> 851544 | Q5: =SUMIF('手机&平板保底版销售计划数量VS 实际出货'!A:A,B5,'手机&平板保底版销售计划数量VS 实际出货'!U:U) -> 1510000 | R5: =SUMIF('手机&平板保底版销售计划数量VS 实际出货'!A:A,B5,'手机&平板保底版销售计划数量VS 实际出货'!V:V) -> 684702 | S5: =SUMIF('手机&平板保底版销售计划数量VS 实际出货'!A:A,B5,'手机&平板保底版销售计划数量VS 实际出货'!W:W) -> 1560000 | T5: =SUMIF('手机&平板保底版销售计划数量VS 实际出货'!A:A,B5,'手机&平板保底版销售计划数量VS 实际出货'!X:X) -> 1052450 | U5: =SUMIF('手机&平板保底版销售计划数量VS 实际出货'!A:A,B5,'手机&平板保底版销售计划数量VS 实际出货'!Y:Y) -> 1560000 | V5: =SUMIF('手机&平板保底版销售计划数量VS 实际出货'!A:A,B5,'手机&平板保底版销售计划数量VS 实际出货'!Z:Z) -> 1219616 | W5: =SUMIF('手机&平板保底版销售计划数量VS 实际出货'!A:A,B5,'手机&平板保底版销售计划数量VS 实际出货'!AA:AA) -> 910000 | X5: =SUMIF('手机&平板保底版销售计划数量VS 实际出货'!A:A,B5,'手机&平板保底版销售计划数量VS 实际出货'!AB:AB) -> 1426084 | Y5: =SUMIF('手机&平板保底版销售计划数量VS 实际出货'!A:A,B5,'手机&平板保底版销售计划数量VS 实际出货'!AC:AC) -> 903000 | Z5: =SUMIF('手机&平板保底版销售计划数量VS 实际出货'!A:A,B5,'手机&平板保底版销售计划数量VS 实际出货'!AD:AD) -> 1498019 | AA5: =C5+E5+G5+I5+K5+M5+O5+Q5+S5+U5+W5+Y5 -> 15413000 | AB5: =D5+F5+H5+J5+L5+N5+P5+R5+T5+V5+X5+Z5 -> 12726255
B6: ZTE | C6: =SUMIF('手机&平板保底版销售计划数量VS 实际出货'!A:A,B6,'手机&平板保底版销售计划数量VS 实际出货'!G:G) -> 411243 | D6: =SUMIF('手机&平板保底版销售计划数量VS 实际出货'!A:A,B6,'手机&平板保底版销售计划数量VS 实际出货'!H:H) -> 376437 | E6: =SUMIF('手机&平板保底版销售计划数量VS 实际出货'!A:A,B6,'手机&平板保底版销售计划数量VS 实际出货'!I:I) -> 233544 | F6: =SUMIF('手机&平板保底版销售计划数量VS 实际出货'!A:A,B6,'手机&平板保底版销售计划数量VS 实际出货'!J:J) -> 288076 | G6: =SUMIF('手机&平板保底版销售计划数量VS 实际出货'!A:A,B6,'手机&平板保底版销售计划数量VS 实际出货'!K:K) -> 422713 | H6: =SUMIF('手机&平板保底版销售计划数量VS 实际出货'!A:A,B6,'手机&平板保底版销售计划数量VS 实际出货'!L:L) -> 359089 | I6: =SUMIF('手机&平板保底版销售计划数量VS 实际出货'!A:A,B6,'手机&平板保底版销售计划数量VS 实际出货'!M:M) -> 219258 | J6: =SUMIF('手机&平板保底版销售计划数量VS 实际出货'!A:A,B6,'手机&平板保底版销售计划数量VS 实际出货'!N:N) -> 294752 | K6: =SUMIF('手机&平板保底版销售计划数量VS 实际出货'!A:A,B6,'手机&平板保底版销售计划数量VS 实际出货'!O:O) -> 750000 | L6: =SUMIF('手机&平板保底版销售计划数量VS 实际出货'!A:A,B6,'手机&平板保底版销售计划数量VS 实际出货'!P:P) -> 509025 | M6: =SUMIF('手机&平板保底版销售计划数量VS 实际出货'!A:A,B6,'手机&平板保底版销售计划数量VS 实际出货'!Q:Q) -> 650000 | N6: =SUMIF('手机&平板保底版销售计划数量VS 实际出货'!A:A,B6,'手机&平板保底版销售计划数量VS 实际出货'!R:R) -> 541095 | O6: =SUMIF('手机&平板保底版销售计划数量VS 实际出货'!A:A,B6,'手机&平板保底版销售计划数量VS 实际出货'!S:S) -> 850000 | P6: =SUMIF('手机&平板保底版销售计划数量VS 实际出货'!A:A,B6,'手机&平板保底版销售计划数量VS 实际出货'!T:T) -> 608378 | Q6: =SUMIF('手机&平板保底版销售计划数量VS 实际出货'!A:A,B6,'手机&平板保底版销售计划数量VS 实际出货'!U:U) -> 1050000 | R6: =SUMIF('手机&平板保底版销售计划数量VS 实际出货'!A:A,B6,'手机&平板保底版销售计划数量VS 实际出货'!V:V) -> 576035 | S6: =SUMIF('手机&平板保底版销售计划数量VS 实际出货'!A:A,B6,'手机&平板保底版销售计划数量VS 实际出货'!W:W) -> 967422 | T6: =SUMIF('手机&平板保底版销售计划数量VS 实际出货'!A:A,B6,'手机&平板保底版销售计划数量VS 实际出货'!X:X) -> 952732 | U6: =SUMIF('手机&平板保底版销售计划数量VS 实际出货'!A:A,B6,'手机&平板保底版销售计划数量VS 实际出货'!Y:Y) -> 950000 | V6: =SUMIF('手机&平板保底版销售计划数量VS 实际出货'!A:A,B6,'手机&平板保底版销售计划数量VS 实际出货'!Z:Z) -> 621317 | W6: =SUMIF('手机&平板保底版销售计划数量VS 实际出货'!A:A,B6,'手机&平板保底版销售计划数量VS 实际出货'!AA:AA) -> 800000 | X6: =SUMIF('手机&平板保底版销售计划数量VS 实际出货'!A:A,B6,'手机&平板保底版销售计划数量VS 实际出货'!AB:AB) -> 728571 | Y6: =SUMIF('手机&平板保底版销售计划数量VS 实际出货'!A:A,B6,'手机&平板保底版销售计划数量VS 实际出货'!AC:AC) -> 854050 | Z6: =SUMIF('手机&平板保底版销售计划数量VS 实际出货'!A:A,B6,'手机&平板保底版销售计划数量VS 实际出货'!AD:AD) -> 815609 | AA6: =C6+E6+G6+I6+K6+M6+O6+Q6+S6+U6+W6+Y6 -> 8158230 | AB6: =D6+F6+H6+J6+L6+N6+P6+R6+T6+V6+X6+Z6 -> 6671116
B7: XM | C7: =SUMIF('手机&平板保底版销售计划数量VS 实际出货'!A:A,B7,'手机&平板保底版销售计划数量VS 实际出货'!G:G) -> 14140 | D7: =SUMIF('手机&平板保底版销售计划数量VS 实际出货'!A:A,B7,'手机&平板保底版销售计划数量VS 实际出货'!H:H) -> 14140 | E7: =SUMIF('手机&平板保底版销售计划数量VS 实际出货'!A:A,B7,'手机&平板保底版销售计划数量VS 实际出货'!I:I) -> 0 | F7: =SUMIF('手机&平板保底版销售计划数量VS 实际出货'!A:A,B7,'手机&平板保底版销售计划数量VS 实际出货'!J:J) -> 0 | G7: =SUMIF('手机&平板保底版销售计划数量VS 实际出货'!A:A,B7,'手机&平板保底版销售计划数量VS 实际出货'!K:K) -> 0 | H7: =SUMIF('手机&平板保底版销售计划数量VS 实际出货'!A:A,B7,'手机&平板保底版销售计划数量VS 实际出货'!L:L) -> 0 | I7: =SUMIF('手机&平板保底版销售计划数量VS 实际出货'!A:A,B7,'手机&平板保底版销售计划数量VS 实际出货'!M:M) -> 0 | J7: =SUMIF('手机&平板保底版销售计划数量VS 实际出货'!A:A,B7,'手机&平板保底版销售计划数量VS 实际出货'!N:N) -> 0 | K7: =SUMIF('手机&平板保底版销售计划数量VS 实际出货'!A:A,B7,'手机&平板保底版销售计划数量VS 实际出货'!O:O) -> 10000 | L7: =SUMIF('手机&平板保底版销售计划数量VS 实际出货'!A:A,B7,'手机&平板保底版销售计划数量VS 实际出货'!P:P) -> 0 | M7: =SUMIF('手机&平板保底版销售计划数量VS 实际出货'!A:A,B7,'手机&平板保底版销售计划数量VS 实际出货'!Q:Q) -> 20000 | N7: =SUMIF('手机&平板保底版销售计划数量VS 实际出货'!A:A,B7,'手机&平板保底版销售计划数量VS 实际出货'!R:R) -> 0 | O7: =SUMIF('手机&平板保底版销售计划数量VS 实际出货'!A:A,B7,'手机&平板保底版销售计划数量VS 实际出货'!S:S) -> 20000 | P7: =SUMIF('手机&平板保底版销售计划数量VS 实际出货'!A:A,B7,'手机&平板保底版销售计划数量VS 实际出货'!T:T) -> 0 | Q7: =SUMIF('手机&平板保底版销售计划数量VS 实际出货'!A:A,B7,'手机&平板保底版销售计划数量VS 实际出货'!U:U) -> 10000 | R7: =SUMIF('手机&平板保底版销售计划数量VS 实际出货'!A:A,B7,'手机&平板保底版销售计划数量VS 实际出货'!V:V) -> 0 | S7: =SUMIF('手机&平板保底版销售计划数量VS 实际出货'!A:A,B7,'手机&平板保底版销售计划数量VS 实际出货'!W:W) -> 20000 | T7: =SUMIF('手机&平板保底版销售计划数量VS 实际出货'!A:A,B7,'手机&平板保底版销售计划数量VS 实际出货'!X:X) -> 0 | U7: =SUMIF('手机&平板保底版销售计划数量VS 实际出货'!A:A,B7,'手机&平板保底版销售计划数量VS 实际出货'!Y:Y) -> 10000 | V7: =SUMIF('手机&平板保底版销售计划数量VS 实际出货'!A:A,B7,'手机&平板保底版销售计划数量VS 实际出货'!Z:Z) -> 0 | W7: =SUMIF('手机&平板保底版销售计划数量VS 实际出货'!A:A,B7,'手机&平板保底版销售计划数量VS 实际出货'!AA:AA) -> 20000 | X7: =SUMIF('手机&平板保底版销售计划数量VS 实际出货'!A:A,B7,'手机&平板保底版销售计划数量VS 实际出货'!AB:AB) -> 5050 | Y7: =SUMIF('手机&平板保底版销售计划数量VS 实际出货'!A:A,B7,'手机&平板保底版销售计划数量VS 实际出货'!AC:AC) -> 10000 | Z7: =SUMIF('手机&平板保底版销售计划数量VS 实际出货'!A:A,B7,'手机&平板保底版销售计划数量VS 实际出货'!AD:AD) -> 5050 | AA7: =C7+E7+G7+I7+K7+M7+O7+Q7+S7+U7+W7+Y7 -> 134140 | AB7: =D7+F7+H7+J7+L7+N7+P7+R7+T7+V7+X7+Z7 -> 24240
B8: SM | C8: =SUMIF('手机&平板保底版销售计划数量VS 实际出货'!A:A,B8,'手机&平板保底版销售计划数量VS 实际出货'!G:G) -> 0 | D8: =SUMIF('手机&平板保底版销售计划数量VS 实际出货'!A:A,B8,'手机&平板保底版销售计划数量VS 实际出货'!H:H) -> 0 | E8: =SUMIF('手机&平板保底版销售计划数量VS 实际出货'!A:A,B8,'手机&平板保底版销售计划数量VS 实际出货'!I:I) -> 0 | F8: =SUMIF('手机&平板保底版销售计划数量VS 实际出货'!A:A,B8,'手机&平板保底版销售计划数量VS 实际出货'!J:J) -> 0 | G8: =SUMIF('手机&平板保底版销售计划数量VS 实际出货'!A:A,B8,'手机&平板保底版销售计划数量VS 实际出货'!K:K) -> 40000 | H8: =SUMIF('手机&平板保底版销售计划数量VS 实际出货'!A:A,B8,'手机&平板保底版销售计划数量VS 实际出货'!L:L) -> 20000 | I8: =SUMIF('手机&平板保底版销售计划数量VS 实际出货'!A:A,B8,'手机&平板保底版销售计划数量VS 实际出货'!M:M) -> 10000 | J8: =SUMIF('手机&平板保底版销售计划数量VS 实际出货'!A:A,B8,'手机&平板保底版销售计划数量VS 实际出货'!N:N) -> 10000 | K8: =SUMIF('手机&平板保底版销售计划数量VS 实际出货'!A:A,B8,'手机&平板保底版销售计划数量VS 实际出货'!O:O) -> 0 | L8: =SUMIF('手机&平板保底版销售计划数量VS 实际出货'!A:A,B8,'手机&平板保底版销售计划数量VS 实际出货'!P:P) -> 0 | M8: =SUMIF('手机&平板保底版销售计划数量VS 实际出货'!A:A,B8,'手机&平板保底版销售计划数量VS 实际出货'!Q:Q) -> 20000 | N8: =SUMIF('手机&平板保底版销售计划数量VS 实际出货'!A:A,B8,'手机&平板保底版销售计划数量VS 实际出货'!R:R) -> 0 | O8: =SUMIF('手机&平板保底版销售计划数量VS 实际出货'!A:A,B8,'手机&平板保底版销售计划数量VS 实际出货'!S:S) -> 20000 | P8: =SUMIF('手机&平板保底版销售计划数量VS 实际出货'!A:A,B8,'手机&平板保底版销售计划数量VS 实际出货'!T:T) -> 0 | Q8: =SUMIF('手机&平板保底版销售计划数量VS 实际出货'!A:A,B8,'手机&平板保底版销售计划数量VS 实际出货'!U:U) -> 30000 | R8: =SUMIF('手机&平板保底版销售计划数量VS 实际出货'!A:A,B8,'手机&平板保底版销售计划数量VS 实际出货'!V:V) -> 0 | S8: =SUMIF('手机&平板保底版销售计划数量VS 实际出货'!A:A,B8,'手机&平板保底版销售计划数量VS 实际出货'!W:W) -> 0 | T8: =SUMIF('手机&平板保底版销售计划数量VS 实际出货'!A:A,B8,'手机&平板保底版销售计划数量VS 实际出货'!X:X) -> 0 | U8: =SUMIF('手机&平板保底版销售计划数量VS 实际出货'!A:A,B8,'手机&平板保底版销售计划数量VS 实际出货'!Y:Y) -> 20000 | V8: =SUMIF('手机&平板保底版销售计划数量VS 实际出货'!A:A,B8,'手机&平板保底版销售计划数量VS 实际出货'!Z:Z) -> 0 | W8: =SUMIF('手机&平板保底版销售计划数量VS 实际出货'!A:A,B8,'手机&平板保底版销售计划数量VS 实际出货'!AA:AA) -> 0 | X8: =SUMIF('手机&平板保底版销售计划数量VS 实际出货'!A:A,B8,'手机&平板保底版销售计划数量VS 实际出货'!AB:AB) -> 0 | Y8: =SUMIF('手机&平板保底版销售计划数量VS 实际出货'!A:A,B8,'手机&平板保底版销售计划数量VS 实际出货'!AC:AC) -> 10000 | Z8: =SUMIF('手机&平板保底版销售计划数量VS 实际出货'!A:A,B8,'手机&平板保底版销售计划数量VS 实际出货'!AD:AD) -> 0 | AA8: =C8+E8+G8+I8+K8+M8+O8+Q8+S8+U8+W8+Y8 -> 150000 | AB8: =D8+F8+H8+J8+L8+N8+P8+R8+T8+V8+X8+Z8 -> 30000
B9: BLU | C9: =SUMIF('手机&平板保底版销售计划数量VS 实际出货'!A:A,B9,'手机&平板保底版销售计划数量VS 实际出货'!G:G) -> 26000 | D9: =SUMIF('手机&平板保底版销售计划数量VS 实际出货'!A:A,B9,'手机&平板保底版销售计划数量VS 实际出货'!H:H) -> 25980 | E9: =SUMIF('手机&平板保底版销售计划数量VS 实际出货'!A:A,B9,'手机&平板保底版销售计划数量VS 实际出货'!I:I) -> 24000 | F9: =SUMIF('手机&平板保底版销售计划数量VS 实际出货'!A:A,B9,'手机&平板保底版销售计划数量VS 实际出货'!J:J) -> 0 | G9: =SUMIF('手机&平板保底版销售计划数量VS 实际出货'!A:A,B9,'手机&平板保底版销售计划数量VS 实际出货'!K:K) -> 0 | H9: =SUMIF('手机&平板保底版销售计划数量VS 实际出货'!A:A,B9,'手机&平板保底版销售计划数量VS 实际出货'!L:L) -> 24020 | I9: =SUMIF('手机&平板保底版销售计划数量VS 实际出货'!A:A,B9,'手机&平板保底版销售计划数量VS 实际出货'!M:M) -> 0 | J9: =SUMIF('手机&平板保底版销售计划数量VS 实际出货'!A:A,B9,'手机&平板保底版销售计划数量VS 实际出货'!N:N) -> 0 | K9: =SUMIF('手机&平板保底版销售计划数量VS 实际出货'!A:A,B9,'手机&平板保底版销售计划数量VS 实际出货'!O:O) -> 20000 | L9: =SUMIF('手机&平板保底版销售计划数量VS 实际出货'!A:A,B9,'手机&平板保底版销售计划数量VS 实际出货'!P:P) -> 41000 | M9: =SUMIF('手机&平板保底版销售计划数量VS 实际出货'!A:A,B9,'手机&平板保底版销售计划数量VS 实际出货'!Q:Q) -> 20000 | N9: =SUMIF('手机&平板保底版销售计划数量VS 实际出货'!A:A,B9,'手机&平板保底版销售计划数量VS 实际出货'!R:R) -> 30000 | O9: =SUMIF('手机&平板保底版销售计划数量VS 实际出货'!A:A,B9,'手机&平板保底版销售计划数量VS 实际出货'!S:S) -> 10000 | P9: =SUMIF('手机&平板保底版销售计划数量VS 实际出货'!A:A,B9,'手机&平板保底版销售计划数量VS 实际出货'!T:T) -> 70000 | Q9: =SUMIF('手机&平板保底版销售计划数量VS 实际出货'!A:A,B9,'手机&平板保底版销售计划数量VS 实际出货'!U:U) -> 20000 | R9: =SUMIF('手机&平板保底版销售计划数量VS 实际出货'!A:A,B9,'手机&平板保底版销售计划数量VS 实际出货'!V:V) -> 20000 | S9: =SUMIF('手机&平板保底版销售计划数量VS 实际出货'!A:A,B9,'手机&平板保底版销售计划数量VS 实际出货'!W:W) -> 10000 | T9: =SUMIF('手机&平板保底版销售计划数量VS 实际出货'!A:A,B9,'手机&平板保底版销售计划数量VS 实际出货'!X:X) -> 10000 | U9: =SUMIF('手机&平板保底版销售计划数量VS 实际出货'!A:A,B9,'手机&平板保底版销售计划数量VS 实际出货'!Y:Y) -> 10000 | V9: =SUMIF('手机&平板保底版销售计划数量VS 实际出货'!A:A,B9,'手机&平板保底版销售计划数量VS 实际出货'!Z:Z) -> 50000 | W9: =SUMIF('手机&平板保底版销售计划数量VS 实际出货'!A:A,B9,'手机&平板保底版销售计划数量VS 实际出货'!AA:AA) -> 0 | X9: =SUMIF('手机&平板保底版销售计划数量VS 实际出货'!A:A,B9,'手机&平板保底版销售计划数量VS 实际出货'!AB:AB) -> 45000 | Y9: =SUMIF('手机&平板保底版销售计划数量VS 实际出货'!A:A,B9,'手机&平板保底版销售计划数量VS 实际出货'!AC:AC) -> 10000 | Z9: =SUMIF('手机&平板保底版销售计划数量VS 实际出货'!A:A,B9,'手机&平板保底版销售计划数量VS 实际出货'!AD:AD) -> 30000 | AA9: =C9+E9+G9+I9+K9+M9+O9+Q9+S9+U9+W9+Y9 -> 150000 | AB9: =D9+F9+H9+J9+L9+N9+P9+R9+T9+V9+X9+Z9 -> 346000
B10: Doro | C10: =SUMIF('手机&平板保底版销售计划数量VS 实际出货'!A:A,B10,'手机&平板保底版销售计划数量VS 实际出货'!G:G) -> 0 | D10: =SUMIF('手机&平板保底版销售计划数量VS 实际出货'!A:A,B10,'手机&平板保底版销售计划数量VS 实际出货'!H:H) -> 5000 | E10: =SUMIF('手机&平板保底版销售计划数量VS 实际出货'!A:A,B10,'手机&平板保底版销售计划数量VS 实际出货'!I:I) -> 5000 | F10: =SUMIF('手机&平板保底版销售计划数量VS 实际出货'!A:A,B10,'手机&平板保底版销售计划数量VS 实际出货'!J:J) -> 5000 | G10: =SUMIF('手机&平板保底版销售计划数量VS 实际出货'!A:A,B10,'手机&平板保底版销售计划数量VS 实际出货'!K:K) -> 5000 | H10: =SUMIF('手机&平板保底版销售计划数量VS 实际出货'!A:A,B10,'手机&平板保底版销售计划数量VS 实际出货'!L:L) -> 0 | I10: =SUMIF('手机&平板保底版销售计划数量VS 实际出货'!A:A,B10,'手机&平板保底版销售计划数量VS 实际出货'!M:M) -> 0 | J10: =SUMIF('手机&平板保底版销售计划数量VS 实际出货'!A:A,B10,'手机&平板保底版销售计划数量VS 实际出货'!N:N) -> 0 | K10: =SUMIF('手机&平板保底版销售计划数量VS 实际出货'!A:A,B10,'手机&平板保底版销售计划数量VS 实际出货'!O:O) -> 0 | L10: =SUMIF('手机&平板保底版销售计划数量VS 实际出货'!A:A,B10,'手机&平板保底版销售计划数量VS 实际出货'!P:P) -> 0 | M10: =SUMIF('手机&平板保底版销售计划数量VS 实际出货'!A:A,B10,'手机&平板保底版销售计划数量VS 实际出货'!Q:Q) -> 0 | N10: =SUMIF('手机&平板保底版销售计划数量VS 实际出货'!A:A,B10,'手机&平板保底版销售计划数量VS 实际出货'!R:R) -> 0 | O10: =SUMIF('手机&平板保底版销售计划数量VS 实际出货'!A:A,B10,'手机&平板保底版销售计划数量VS 实际出货'!S:S) -> 0 | P10: =SUMIF('手机&平板保底版销售计划数量VS 实际出货'!A:A,B10,'手机&平板保底版销售计划数量VS 实际出货'!T:T) -> 0 | Q10: =SUMIF('手机&平板保底版销售计划数量VS 实际出货'!A:A,B10,'手机&平板保底版销售计划数量VS 实际出货'!U:U) -> 0 | R10: =SUMIF('手机&平板保底版销售计划数量VS 实际出货'!A:A,B10,'手机&平板保底版销售计划数量VS 实际出货'!V:V) -> 0 | S10: =SUMIF('手机&平板保底版销售计划数量VS 实际出货'!A:A,B10,'手机&平板保底版销售计划数量VS 实际出货'!W:W) -> 0 | T10: =SUMIF('手机&平板保底版销售计划数量VS 实际出货'!A:A,B10,'手机&平板保底版销售计划数量VS 实际出货'!X:X) -> 0 | U10: =SUMIF('手机&平板保底版销售计划数量VS 实际出货'!A:A,B10,'手机&平板保底版销售计划数量VS 实际出货'!Y:Y) -> 0 | V10: =SUMIF('手机&平板保底版销售计划数量VS 实际出货'!A:A,B10,'手机&平板保底版销售计划数量VS 实际出货'!Z:Z) -> 0 | W10: =SUMIF('手机&平板保底版销售计划数量VS 实际出货'!A:A,B10,'手机&平板保底版销售计划数量VS 实际出货'!AA:AA) -> 0 | X10: =SUMIF('手机&平板保底版销售计划数量VS 实际出货'!A:A,B10,'手机&平板保底版销售计划数量VS 实际出货'!AB:AB) -> 10000 | Y10: =SUMIF('手机&平板保底版销售计划数量VS 实际出货'!A:A,B10,'手机&平板保底版销售计划数量VS 实际出货'!AC:AC) -> 0 | Z10: =SUMIF('手机&平板保底版销售计划数量VS 实际出货'!A:A,B10,'手机&平板保底版销售计划数量VS 实际出货'!AD:AD) -> 0 | AA10: =C10+E10+G10+I10+K10+M10+O10+Q10+S10+U10+W10+Y10 -> 10000 | AB10: =D10+F10+H10+J10+L10+N10+P10+R10+T10+V10+X10+Z10 -> 20000
B11: GDL | C11: =SUMIF('手机&平板保底版销售计划数量VS 实际出货'!A:A,B11,'手机&平板保底版销售计划数量VS 实际出货'!G:G) -> 0 | D11: =SUMIF('手机&平板保底版销售计划数量VS 实际出货'!A:A,B11,'手机&平板保底版销售计划数量VS 实际出货'!H:H) -> 0 | E11: =SUMIF('手机&平板保底版销售计划数量VS 实际出货'!A:A,B11,'手机&平板保底版销售计划数量VS 实际出货'!I:I) -> 0 | F11: =SUMIF('手机&平板保底版销售计划数量VS 实际出货'!A:A,B11,'手机&平板保底版销售计划数量VS 实际出货'!J:J) -> 0 | G11: =SUMIF('手机&平板保底版销售计划数量VS 实际出货'!A:A,B11,'手机&平板保底版销售计划数量VS 实际出货'!K:K) -> 10000 | H11: =SUMIF('手机&平板保底版销售计划数量VS 实际出货'!A:A,B11,'手机&平板保底版销售计划数量VS 实际出货'!L:L) -> 0 | I11: =SUMIF('手机&平板保底版销售计划数量VS 实际出货'!A:A,B11,'手机&平板保底版销售计划数量VS 实际出货'!M:M) -> 0 | J11: =SUMIF('手机&平板保底版销售计划数量VS 实际出货'!A:A,B11,'手机&平板保底版销售计划数量VS 实际出货'!N:N) -> 10000 | K11: =SUMIF('手机&平板保底版销售计划数量VS 实际出货'!A:A,B11,'手机&平板保底版销售计划数量VS 实际出货'!O:O) -> 10000 | L11: =SUMIF('手机&平板保底版销售计划数量VS 实际出货'!A:A,B11,'手机&平板保底版销售计划数量VS 实际出货'!P:P) -> 0 | M11: =SUMIF('手机&平板保底版销售计划数量VS 实际出货'!A:A,B11,'手机&平板保底版销售计划数量VS 实际出货'!Q:Q) -> 0 | N11: =SUMIF('手机&平板保底版销售计划数量VS 实际出货'!A:A,B11,'手机&平板保底版销售计划数量VS 实际出货'!R:R) -> 10000 | O11: =SUMIF('手机&平板保底版销售计划数量VS 实际出货'!A:A,B11,'手机&平板保底版销售计划数量VS 实际出货'!S:S) -> 10000 | P11: =SUMIF('手机&平板保底版销售计划数量VS 实际出货'!A:A,B11,'手机&平板保底版销售计划数量VS 实际出货'!T:T) -> 20000 | Q11: =SUMIF('手机&平板保底版销售计划数量VS 实际出货'!A:A,B11,'手机&平板保底版销售计划数量VS 实际出货'!U:U) -> 10000 | R11: =SUMIF('手机&平板保底版销售计划数量VS 实际出货'!A:A,B11,'手机&平板保底版销售计划数量VS 实际出货'!V:V) -> 10000 | S11: =SUMIF('手机&平板保底版销售计划数量VS 实际出货'!A:A,B11,'手机&平板保底版销售计划数量VS 实际出货'!W:W) -> 10000 | T11: =SUMIF('手机&平板保底版销售计划数量VS 实际出货'!A:A,B11,'手机&平板保底版销售计划数量VS 实际出货'!X:X) -> 20000 | U11: =SUMIF('手机&平板保底版销售计划数量VS 实际出货'!A:A,B11,'手机&平板保底版销售计划数量VS 实际出货'!Y:Y) -> 10000 | V11: =SUMIF('手机&平板保底版销售计划数量VS 实际出货'!A:A,B11,'手机&平板保底版销售计划数量VS 实际出货'!Z:Z) -> 0 | W11: =SUMIF('手机&平板保底版销售计划数量VS 实际出货'!A:A,B11,'手机&平板保底版销售计划数量VS 实际出货'!AA:AA) -> 0 | X11: =SUMIF('手机&平板保底版销售计划数量VS 实际出货'!A:A,B11,'手机&平板保底版销售计划数量VS 实际出货'!AB:AB) -> 0 | Y11: =SUMIF('手机&平板保底版销售计划数量VS 实际出货'!A:A,B11,'手机&平板保底版销售计划数量VS 实际出货'!AC:AC) -> 10000 | Z11: =SUMIF('手机&平板保底版销售计划数量VS 实际出货'!A:A,B11,'手机&平板保底版销售计划数量VS 实际出货'!AD:AD) -> 0 | AA11: =C11+E11+G11+I11+K11+M11+O11+Q11+S11+U11+W11+Y11 -> 70000 | AB11: =D11+F11+H11+J11+L11+N11+P11+R11+T11+V11+X11+Z11 -> 70000
B12: Mobicel | C12: =SUMIF('手机&平板保底版销售计划数量VS 实际出货'!A:A,B12,'手机&平板保底版销售计划数量VS 实际出货'!G:G) -> 30000 | D12: =SUMIF('手机&平板保底版销售计划数量VS 实际出货'!A:A,B12,'手机&平板保底版销售计划数量VS 实际出货'!H:H) -> 30800 | E12: =SUMIF('手机&平板保底版销售计划数量VS 实际出货'!A:A,B12,'手机&平板保底版销售计划数量VS 实际出货'!I:I) -> 0 | F12: =SUMIF('手机&平板保底版销售计划数量VS 实际出货'!A:A,B12,'手机&平板保底版销售计划数量VS 实际出货'!J:J) -> 0 | G12: =SUMIF('手机&平板保底版销售计划数量VS 实际出货'!A:A,B12,'手机&平板保底版销售计划数量VS 实际出货'!K:K) -> 32500 | H12: =SUMIF('手机&平板保底版销售计划数量VS 实际出货'!A:A,B12,'手机&平板保底版销售计划数量VS 实际出货'!L:L) -> 32500 | I12: =SUMIF('手机&平板保底版销售计划数量VS 实际出货'!A:A,B12,'手机&平板保底版销售计划数量VS 实际出货'!M:M) -> 0 | J12: =SUMIF('手机&平板保底版销售计划数量VS 实际出货'!A:A,B12,'手机&平板保底版销售计划数量VS 实际出货'!N:N) -> 20000 | K12: =SUMIF('手机&平板保底版销售计划数量VS 实际出货'!A:A,B12,'手机&平板保底版销售计划数量VS 实际出货'!O:O) -> 40000 | L12: =SUMIF('手机&平板保底版销售计划数量VS 实际出货'!A:A,B12,'手机&平板保底版销售计划数量VS 实际出货'!P:P) -> 15000 | M12: =SUMIF('手机&平板保底版销售计划数量VS 实际出货'!A:A,B12,'手机&平板保底版销售计划数量VS 实际出货'!Q:Q) -> 0 | N12: =SUMIF('手机&平板保底版销售计划数量VS 实际出货'!A:A,B12,'手机&平板保底版销售计划数量VS 实际出货'!R:R) -> 35000 | O12: =SUMIF('手机&平板保底版销售计划数量VS 实际出货'!A:A,B12,'手机&平板保底版销售计划数量VS 实际出货'!S:S) -> 40000 | P12: =SUMIF('手机&平板保底版销售计划数量VS 实际出货'!A:A,B12,'手机&平板保底版销售计划数量VS 实际出货'!T:T) -> 0 | Q12: =SUMIF('手机&平板保底版销售计划数量VS 实际出货'!A:A,B12,'手机&平板保底版销售计划数量VS 实际出货'!U:U) -> 0 | R12: =SUMIF('手机&平板保底版销售计划数量VS 实际出货'!A:A,B12,'手机&平板保底版销售计划数量VS 实际出货'!V:V) -> 0 | S12: =SUMIF('手机&平板保底版销售计划数量VS 实际出货'!A:A,B12,'手机&平板保底版销售计划数量VS 实际出货'!W:W) -> 10000 | T12: =SUMIF('手机&平板保底版销售计划数量VS 实际出货'!A:A,B12,'手机&平板保底版销售计划数量VS 实际出货'!X:X) -> 0 | U12: =SUMIF('手机&平板保底版销售计划数量VS 实际出货'!A:A,B12,'手机&平板保底版销售计划数量VS 实际出货'!Y:Y) -> 0 | V12: =SUMIF('手机&平板保底版销售计划数量VS 实际出货'!A:A,B12,'手机&平板保底版销售计划数量VS 实际出货'!Z:Z) -> 0 | W12: =SUMIF('手机&平板保底版销售计划数量VS 实际出货'!A:A,B12,'手机&平板保底版销售计划数量VS 实际出货'!AA:AA) -> 0 | X12: =SUMIF('手机&平板保底版销售计划数量VS 实际出货'!A:A,B12,'手机&平板保底版销售计划数量VS 实际出货'!AB:AB) -> 0 | Y12: =SUMIF('手机&平板保底版销售计划数量VS 实际出货'!A:A,B12,'手机&平板保底版销售计划数量VS 实际出货'!AC:AC) -> 0 | Z12: =SUMIF('手机&平板保底版销售计划数量VS 实际出货'!A:A,B12,'手机&平板保底版销售计划数量VS 实际出货'!AD:AD) -> 0 | AA12: =C12+E12+G12+I12+K12+M12+O12+Q12+S12+U12+W12+Y12 -> 152500 | AB12: =D12+F12+H12+J12+L12+N12+P12+R12+T12+V12+X12+Z12 -> 133300
B13: AI | C13: =SUMIF('手机&平板保底版销售计划数量VS 实际出货'!A:A,B13,'手机&平板保底版销售计划数量VS 实际出货'!G:G) -> 0 | D13: =SUMIF('手机&平板保底版销售计划数量VS 实际出货'!A:A,B13,'手机&平板保底版销售计划数量VS 实际出货'!H:H) -> 0 | E13: =SUMIF('手机&平板保底版销售计划数量VS 实际出货'!A:A,B13,'手机&平板保底版销售计划数量VS 实际出货'!I:I) -> 0 | F13: =SUMIF('手机&平板保底版销售计划数量VS 实际出货'!A:A,B13,'手机&平板保底版销售计划数量VS 实际出货'!J:J) -> 0 | G13: =SUMIF('手机&平板保底版销售计划数量VS 实际出货'!A:A,B13,'手机&平板保底版销售计划数量VS 实际出货'!K:K) -> 0 | H13: =SUMIF('手机&平板保底版销售计划数量VS 实际出货'!A:A,B13,'手机&平板保底版销售计划数量VS 实际出货'!L:L) -> 0 | I13: =SUMIF('手机&平板保底版销售计划数量VS 实际出货'!A:A,B13,'手机&平板保底版销售计划数量VS 实际出货'!M:M) -> 0 | J13: =SUMIF('手机&平板保底版销售计划数量VS 实际出货'!A:A,B13,'手机&平板保底版销售计划数量VS 实际出货'!N:N) -> 0 | K13: =SUMIF('手机&平板保底版销售计划数量VS 实际出货'!A:A,B13,'手机&平板保底版销售计划数量VS 实际出货'!O:O) -> 0 | L13: =SUMIF('手机&平板保底版销售计划数量VS 实际出货'!A:A,B13,'手机&平板保底版销售计划数量VS 实际出货'!P:P) -> 500 | M13: =SUMIF('手机&平板保底版销售计划数量VS 实际出货'!A:A,B13,'手机&平板保底版销售计划数量VS 实际出货'!Q:Q) -> 0 | N13: =SUMIF('手机&平板保底版销售计划数量VS 实际出货'!A:A,B13,'手机&平板保底版销售计划数量VS 实际出货'!R:R) -> 80000 | O13: =SUMIF('手机&平板保底版销售计划数量VS 实际出货'!A:A,B13,'手机&平板保底版销售计划数量VS 实际出货'!S:S) -> 0 | P13: =SUMIF('手机&平板保底版销售计划数量VS 实际出货'!A:A,B13,'手机&平板保底版销售计划数量VS 实际出货'!T:T) -> 179500 | Q13: =SUMIF('手机&平板保底版销售计划数量VS 实际出货'!A:A,B13,'手机&平板保底版销售计划数量VS 实际出货'!U:U) -> 0 | R13: =SUMIF('手机&平板保底版销售计划数量VS 实际出货'!A:A,B13,'手机&平板保底版销售计划数量VS 实际出货'!V:V) -> 90000 | S13: =SUMIF('手机&平板保底版销售计划数量VS 实际出货'!A:A,B13,'手机&平板保底版销售计划数量VS 实际出货'!W:W) -> 0 | T13: =SUMIF('手机&平板保底版销售计划数量VS 实际出货'!A:A,B13,'手机&平板保底版销售计划数量VS 实际出货'!X:X) -> 260000 | U13: =SUMIF('手机&平板保底版销售计划数量VS 实际出货'!A:A,B13,'手机&平板保底版销售计划数量VS 实际出货'!Y:Y) -> 0 | V13: =SUMIF('手机&平板保底版销售计划数量VS 实际出货'!A:A,B13,'手机&平板保底版销售计划数量VS 实际出货'!Z:Z) -> 90000 | W13: =SUMIF('手机&平板保底版销售计划数量VS 实际出货'!A:A,B13,'手机&平板保底版销售计划数量VS 实际出货'!AA:AA) -> 0 | X13: =SUMIF('手机&平板保底版销售计划数量VS 实际出货'!A:A,B13,'手机&平板保底版销售计划数量VS 实际出货'!AB:AB) -> 0 | Y13: =SUMIF('手机&平板保底版销售计划数量VS 实际出货'!A:A,B13,'手机&平板保底版销售计划数量VS 实际出货'!AC:AC) -> 0 | Z13: =SUMIF('手机&平板保底版销售计划数量VS 实际出货'!A:A,B13,'手机&平板保底版销售计划数量VS 实际出货'!AD:AD) -> 20000 | AA13: =C13+E13+G13+I13+K13+M13+O13+Q13+S13+U13+W13+Y13 -> 0 | AB13: =D13+F13+H13+J13+L13+N13+P13+R13+T13+V13+X13+Z13 -> 720000
B14: GV | C14: =SUMIF('手机&平板保底版销售计划数量VS 实际出货'!A:A,B14,'手机&平板保底版销售计划数量VS 实际出货'!G:G) -> 0 | D14: =SUMIF('手机&平板保底版销售计划数量VS 实际出货'!A:A,B14,'手机&平板保底版销售计划数量VS 实际出货'!H:H) -> 0 | E14: =SUMIF('手机&平板保底版销售计划数量VS 实际出货'!A:A,B14,'手机&平板保底版销售计划数量VS 实际出货'!I:I) -> 0 | F14: =SUMIF('手机&平板保底版销售计划数量VS 实际出货'!A:A,B14,'手机&平板保底版销售计划数量VS 实际出货'!J:J) -> 0 | G14: =SUMIF('手机&平板保底版销售计划数量VS 实际出货'!A:A,B14,'手机&平板保底版销售计划数量VS 实际出货'!K:K) -> 0 | H14: =SUMIF('手机&平板保底版销售计划数量VS 实际出货'!A:A,B14,'手机&平板保底版销售计划数量VS 实际出货'!L:L) -> 0 | I14: =SUMIF('手机&平板保底版销售计划数量VS 实际出货'!A:A,B14,'手机&平板保底版销售计划数量VS 实际出货'!M:M) -> 0 | J14: =SUMIF('手机&平板保底版销售计划数量VS 实际出货'!A:A,B14,'手机&平板保底版销售计划数量VS 实际出货'!N:N) -> 0 | K14: =SUMIF('手机&平板保底版销售计划数量VS 实际出货'!A:A,B14,'手机&平板保底版销售计划数量VS 实际出货'!O:O) -> 0 | L14: =SUMIF('手机&平板保底版销售计划数量VS 实际出货'!A:A,B14,'手机&平板保底版销售计划数量VS 实际出货'!P:P) -> 10000 | M14: =SUMIF('手机&平板保底版销售计划数量VS 实际出货'!A:A,B14,'手机&平板保底版销售计划数量VS 实际出货'!Q:Q) -> 0 | N14: =SUMIF('手机&平板保底版销售计划数量VS 实际出货'!A:A,B14,'手机&平板保底版销售计划数量VS 实际出货'!R:R) -> 0 | O14: =SUMIF('手机&平板保底版销售计划数量VS 实际出货'!A:A,B14,'手机&平板保底版销售计划数量VS 实际出货'!S:S) -> 0 | P14: =SUMIF('手机&平板保底版销售计划数量VS 实际出货'!A:A,B14,'手机&平板保底版销售计划数量VS 实际出货'!T:T) -> 10000 | Q14: =SUMIF('手机&平板保底版销售计划数量VS 实际出货'!A:A,B14,'手机&平板保底版销售计划数量VS 实际出货'!U:U) -> 0 | R14: =SUMIF('手机&平板保底版销售计划数量VS 实际出货'!A:A,B14,'手机&平板保底版销售计划数量VS 实际出货'!V:V) -> 0 | S14: =SUMIF('手机&平板保底版销售计划数量VS 实际出货'!A:A,B14,'手机&平板保底版销售计划数量VS 实际出货'!W:W) -> 0 | T14: =SUMIF('手机&平板保底版销售计划数量VS 实际出货'!A:A,B14,'手机&平板保底版销售计划数量VS 实际出货'!X:X) -> 10000 | U14: =SUMIF('手机&平板保底版销售计划数量VS 实际出货'!A:A,B14,'手机&平板保底版销售计划数量VS 实际出货'!Y:Y) -> 0 | V14: =SUMIF('手机&平板保底版销售计划数量VS 实际出货'!A:A,B14,'手机&平板保底版销售计划数量VS 实际出货'!Z:Z) -> 0 | W14: =SUMIF('手机&平板保底版销售计划数量VS 实际出货'!A:A,B14,'手机&平板保底版销售计划数量VS 实际出货'!AA:AA) -> 0 | X14: =SUMIF('手机&平板保底版销售计划数量VS 实际出货'!A:A,B14,'手机&平板保底版销售计划数量VS 实际出货'!AB:AB) -> 10000 | Y14: =SUMIF('手机&平板保底版销售计划数量VS 实际出货'!A:A,B14,'手机&平板保底版销售计划数量VS 实际出货'!AC:AC) -> 0 | Z14: =SUMIF('手机&平板保底版销售计划数量VS 实际出货'!A:A,B14,'手机&平板保底版销售计划数量VS 实际出货'!AD:AD) -> 30000 | AA14: =C14+E14+G14+I14+K14+M14+O14+Q14+S14+U14+W14+Y14 -> 0 | AB14: =D14+F14+H14+J14+L14+N14+P14+R14+T14+V14+X14+Z14 -> 70000
B15: LT | C15: =SUMIF('手机&平板保底版销售计划数量VS 实际出货'!A:A,B15,'手机&平板保底版销售计划数量VS 实际出货'!G:G) -> 0 | D15: =SUMIF('手机&平板保底版销售计划数量VS 实际出货'!A:A,B15,'手机&平板保底版销售计划数量VS 实际出货'!H:H) -> 0 | E15: =SUMIF('手机&平板保底版销售计划数量VS 实际出货'!A:A,B15,'手机&平板保底版销售计划数量VS 实际出货'!I:I) -> 0 | F15: =SUMIF('手机&平板保底版销售计划数量VS 实际出货'!A:A,B15,'手机&平板保底版销售计划数量VS 实际出货'!J:J) -> 0 | G15: =SUMIF('手机&平板保底版销售计划数量VS 实际出货'!A:A,B15,'手机&平板保底版销售计划数量VS 实际出货'!K:K) -> 0 | H15: =SUMIF('手机&平板保底版销售计划数量VS 实际出货'!A:A,B15,'手机&平板保底版销售计划数量VS 实际出货'!L:L) -> 0 | I15: =SUMIF('手机&平板保底版销售计划数量VS 实际出货'!A:A,B15,'手机&平板保底版销售计划数量VS 实际出货'!M:M) -> 20000 | J15: =SUMIF('手机&平板保底版销售计划数量VS 实际出货'!A:A,B15,'手机&平板保底版销售计划数量VS 实际出货'!N:N) -> 0 | K15: =SUMIF('手机&平板保底版销售计划数量VS 实际出货'!A:A,B15,'手机&平板保底版销售计划数量VS 实际出货'!O:O) -> 0 | L15: =SUMIF('手机&平板保底版销售计划数量VS 实际出货'!A:A,B15,'手机&平板保底版销售计划数量VS 实际出货'!P:P) -> 0 | M15: =SUMIF('手机&平板保底版销售计划数量VS 实际出货'!A:A,B15,'手机&平板保底版销售计划数量VS 实际出货'!Q:Q) -> 0 | N15: =SUMIF('手机&平板保底版销售计划数量VS 实际出货'!A:A,B15,'手机&平板保底版销售计划数量VS 实际出货'!R:R) -> 0 | O15: =SUMIF('手机&平板保底版销售计划数量VS 实际出货'!A:A,B15,'手机&平板保底版销售计划数量VS 实际出货'!S:S) -> 10000 | P15: =SUMIF('手机&平板保底版销售计划数量VS 实际出货'!A:A,B15,'手机&平板保底版销售计划数量VS 实际出货'!T:T) -> 0 | Q15: =SUMIF('手机&平板保底版销售计划数量VS 实际出货'!A:A,B15,'手机&平板保底版销售计划数量VS 实际出货'!U:U) -> 0 | R15: =SUMIF('手机&平板保底版销售计划数量VS 实际出货'!A:A,B15,'手机&平板保底版销售计划数量VS 实际出货'!V:V) -> 0 | S15: =SUMIF('手机&平板保底版销售计划数量VS 实际出货'!A:A,B15,'手机&平板保底版销售计划数量VS 实际出货'!W:W) -> 10000 | T15: =SUMIF('手机&平板保底版销售计划数量VS 实际出货'!A:A,B15,'手机&平板保底版销售计划数量VS 实际出货'!X:X) -> 0 | U15: =SUMIF('手机&平板保底版销售计划数量VS 实际出货'!A:A,B15,'手机&平板保底版销售计划数量VS 实际出货'!Y:Y) -> 0 | V15: =SUMIF('手机&平板保底版销售计划数量VS 实际出货'!A:A,B15,'手机&平板保底版销售计划数量VS 实际出货'!Z:Z) -> 0 | W15: =SUMIF('手机&平板保底版销售计划数量VS 实际出货'!A:A,B15,'手机&平板保底版销售计划数量VS 实际出货'!AA:AA) -> 0 | X15: =SUMIF('手机&平板保底版销售计划数量VS 实际出货'!A:A,B15,'手机&平板保底版销售计划数量VS 实际出货'!AB:AB) -> 0 | Y15: =SUMIF('手机&平板保底版销售计划数量VS 实际出货'!A:A,B15,'手机&平板保底版销售计划数量VS 实际出货'!AC:AC) -> 0 | Z15: =SUMIF('手机&平板保底版销售计划数量VS 实际出货'!A:A,B15,'手机&平板保底版销售计划数量VS 实际出货'!AD:AD) -> 0 | AA15: =C15+E15+G15+I15+K15+M15+O15+Q15+S15+U15+W15+Y15 -> 40000 | AB15: =D15+F15+H15+J15+L15+N15+P15+R15+T15+V15+X15+Z15 -> 0
... B29: TAL | C29: =SUMIF('手机&平板保底版销售计划数量VS 实际出货'!A:A,B29,'手机&平板保底版销售计划数量VS 实际出货'!G:G) -> 716 | D29: =SUMIF('手机&平板保底版销售计划数量VS 实际出货'!A:A,B29,'手机&平板保底版销售计划数量VS 实际出货'!H:H) -> 716 | E29: =SUMIF('手机&平板保底版销售计划数量VS 实际出货'!A:A,B29,'手机&平板保底版销售计划数量VS 实际出货'!I:I) -> 904 | F29: =SUMIF('手机&平板保底版销售计划数量VS 实际出货'!A:A,B29,'手机&平板保底版销售计划数量VS 实际出货'!J:J) -> 10800 | G29: =SUMIF('手机&平板保底版销售计划数量VS 实际出货'!A:A,B29,'手机&平板保底版销售计划数量VS 实际出货'!K:K) -> 31380 | H29: =SUMIF('手机&平板保底版销售计划数量VS 实际出货'!A:A,B29,'手机&平板保底版销售计划数量VS 实际出货'!L:L) -> 21484 | I29: =SUMIF('手机&平板保底版销售计划数量VS 实际出货'!A:A,B29,'手机&平板保底版销售计划数量VS 实际出货'!M:M) -> 0 | J29: =SUMIF('手机&平板保底版销售计划数量VS 实际出货'!A:A,B29,'手机&平板保底版销售计划数量VS 实际出货'!N:N) -> 0 | K29: =SUMIF('手机&平板保底版销售计划数量VS 实际出货'!A:A,B29,'手机&平板保底版销售计划数量VS 实际出货'!O:O) -> 5000 | L29: =SUMIF('手机&平板保底版销售计划数量VS 实际出货'!A:A,B29,'手机&平板保底版销售计划数量VS 实际出货'!P:P) -> 2084 | M29: =SUMIF('手机&平板保底版销售计划数量VS 实际出货'!A:A,B29,'手机&平板保底版销售计划数量VS 实际出货'!Q:Q) -> 0 | N29: =SUMIF('手机&平板保底版销售计划数量VS 实际出货'!A:A,B29,'手机&平板保底版销售计划数量VS 实际出货'!R:R) -> 0 | O29: =SUMIF('手机&平板保底版销售计划数量VS 实际出货'!A:A,B29,'手机&平板保底版销售计划数量VS 实际出货'!S:S) -> 0 | P29: =SUMIF('手机&平板保底版销售计划数量VS 实际出货'!A:A,B29,'手机&平板保底版销售计划数量VS 实际出货'!T:T) -> 0 | Q29: =SUMIF('手机&平板保底版销售计划数量VS 实际出货'!A:A,B29,'手机&平板保底版销售计划数量VS 实际出货'!U:U) -> 0 | R29: =SUMIF('手机&平板保底版销售计划数量VS 实际出货'!A:A,B29,'手机&平板保底版销售计划数量VS 实际出货'!V:V) -> 0 | S29: =SUMIF('手机&平板保底版销售计划数量VS 实际出货'!A:A,B29,'手机&平板保底版销售计划数量VS 实际出货'!W:W) -> 0 | T29: =SUMIF('手机&平板保底版销售计划数量VS 实际出货'!A:A,B29,'手机&平板保底版销售计划数量VS 实际出货'!X:X) -> 2916 | U29: =SUMIF('手机&平板保底版销售计划数量VS 实际出货'!A:A,B29,'手机&平板保底版销售计划数量VS 实际出货'!Y:Y) -> 0 | V29: =SUMIF('手机&平板保底版销售计划数量VS 实际出货'!A:A,B29,'手机&平板保底版销售计划数量VS 实际出货'!Z:Z) -> 0 | W29: =SUMIF('手机&平板保底版销售计划数量VS 实际出货'!A:A,B29,'手机&平板保底版销售计划数量VS 实际出货'!AA:AA) -> 0 | X29: =SUMIF('手机&平板保底版销售计划数量VS 实际出货'!A:A,B29,'手机&平板保底版销售计划数量VS 实际出货'!AB:AB) -> 0 | Y29: =SUMIF('手机&平板保底版销售计划数量VS 实际出货'!A:A,B29,'手机&平板保底版销售计划数量VS 实际出货'!AC:AC) -> 0 | Z29: =SUMIF('手机&平板保底版销售计划数量VS 实际出货'!A:A,B29,'手机&平板保底版销售计划数量VS 实际出货'!AD:AD) -> 0 | AA29: =C29+E29+G29+I29+K29+M29+O29+Q29+S29+U29+W29+Y29 -> 38000 | AB29: =D29+F29+H29+J29+L29+N29+P29+R29+T29+V29+X29+Z29 -> 38000
B30: 汇总 | C30: =SUM(C4:C29) -> 2129871 | D30: =SUM(D4:D29) -> 2253215 | E30: =SUM(E4:E29) -> 1774948 | F30: =SUM(F4:F29) -> 1369112 | G30: =SUM(G4:G29) -> 1973093 | H30: =SUM(H4:H29) -> 1551175 | I30: =SUM(I4:I29) -> 1663731 | J30: =SUM(J4:J29) -> 1314512 | ... AB30: =SUM(AB4:AB29) -> 23958863
B32: 功能机与智能机分布： | AF32: CBU,SKD与CKD分布：
B33: Type | C33: 1月分解 | D33: 1月实际 | E33: 2月分解 | F33: 2月实际 | G33: 3月分解 | H33: 3月实际 | I33: 4月分解 | J33: 4月实际 | K33: 5月分解 | L33: 5月实际 | M33: 6月分解 | N33: 6月实际 | O33: 7月分解 | P33: 7月实际 | Q33: 8月分解 | R33: 8月实际 | S33: 9月分解 | T33: 9月实际 | U33: 10月分解 | V33: 10月实际 | W33: 11月分解 | X33: 11月实际 | Y33: 12月分解 | Z33: 12月实际 | AA33: 全年分解 | AB33: 全年实际 | AF33: Type | AG33: 1月 | AH33: 2月 | AI33: 3月 | AJ33: 4月 | AK33: 5月 | AL33: 6月 | AM33: 7月 | AN33: 8月 | AO33: 9月 | AP33: 10月 | AQ33: 11月 | AR33: 12月 | AS33: 全年
B34: FP | C34: =SUMIF('手机&平板保底版销售计划数量VS 实际出货'!E:E,B34,'手机&平板保底版销售计划数量VS 实际出货'!G:G) -> 1460000 | D34: =SUMIF('手机&平板保底版销售计划数量VS 实际出货'!E:E,B34,'手机&平板保底版销售计划数量VS 实际出货'!H:H) -> 1613262 | E34: =SUMIF('手机&平板保底版销售计划数量VS 实际出货'!E:E,B34,'手机&平板保底版销售计划数量VS 实际出货'!I:I) -> 1355000 | F34: =SUMIF('手机&平板保底版销售计划数量VS 实际出货'!E:E,B34,'手机&平板保底版销售计划数量VS 实际出货'!J:J) -> 930376 | G34: =SUMIF('手机&平板保底版销售计划数量VS 实际出货'!E:E,B34,'手机&平板保底版销售计划数量VS 实际出货'!K:K) -> 1255000 | H34: =SUMIF('手机&平板保底版销售计划数量VS 实际出货'!E:E,B34,'手机&平板保底版销售计划数量VS 实际出货'!L:L) -> 943772 | I34: =SUMIF('手机&平板保底版销售计划数量VS 实际出货'!E:E,B34,'手机&平板保底版销售计划数量VS 实际出货'!M:M) -> 1250000 | J34: =SUMIF('手机&平板保底版销售计划数量VS 实际出货'!E:E,B34,'手机&平板保底版销售计划数量VS 实际出货'!N:N) -> 821378 | K34: =SUMIF('手机&平板保底版销售计划数量VS 实际出货'!E:E,B34,'手机&平板保底版销售计划数量VS 实际出货'!O:O) -> 1320000 | L34: =SUMIF('手机&平板保底版销售计划数量VS 实际出货'!E:E,B34,'手机&平板保底版销售计划数量VS 实际出货'!P:P) -> 1095490 | M34: =SUMIF('手机&平板保底版销售计划数量VS 实际出货'!E:E,B34,'手机&平板保底版销售计划数量VS 实际出货'!Q:Q) -> 1350000 | N34: =SUMIF('手机&平板保底版销售计划数量VS 实际出货'!E:E,B34,'手机&平板保底版销售计划数量VS 实际出货'!R:R) -> 724562 | O34: =SUMIF('手机&平板保底版销售计划数量VS 实际出货'!E:E,B34,'手机&平板保底版销售计划数量VS 实际出货'!S:S) -> 1640000 | P34: =SUMIF('手机&平板保底版销售计划数量VS 实际出货'!E:E,B34,'手机&平板保底版销售计划数量VS 实际出货'!T:T) -> 851544 | Q34: =SUMIF('手机&平板保底版销售计划数量VS 实际出货'!E:E,B34,'手机&平板保底版销售计划数量VS 实际出货'!U:U) -> 1560000 | R34: =SUMIF('手机&平板保底版销售计划数量VS 实际出货'!E:E,B34,'手机&平板保底版销售计划数量VS 实际出货'!V:V) -> 769702 | S34: =SUMIF('手机&平板保底版销售计划数量VS 实际出货'!E:E,B34,'手机&平板保底版销售计划数量VS 实际出货'!W:W) -> 1660000 | T34: =SUMIF('手机&平板保底版销售计划数量VS 实际出货'!E:E,B34,'手机&平板保底版销售计划数量VS 实际出货'!X:X) -> 1137450 | U34: =SUMIF('手机&平板保底版销售计划数量VS 实际出货'!E:E,B34,'手机&平板保底版销售计划数量VS 实际出货'!Y:Y) -> 1710000 | V34: =SUMIF('手机&平板保底版销售计划数量VS 实际出货'!E:E,B34,'手机&平板保底版销售计划数量VS 实际出货'!Z:Z) -> 1219616 | W34: =SUMIF('手机&平板保底版销售计划数量VS 实际出货'!E:E,B34,'手机&平板保底版销售计划数量VS 实际出货'!AA:AA) -> 946000 | X34: =SUMIF('手机&平板保底版销售计划数量VS 实际出货'!E:E,B34,'手机&平板保底版销售计划数量VS 实际出货'!AB:AB) -> 1481084 | Y34: =SUMIF('手机&平板保底版销售计划数量VS 实际出货'!E:E,B34,'手机&平板保底版销售计划数量VS 实际出货'!AC:AC) -> 903000 | Z34: =SUMIF('手机&平板保底版销售计划数量VS 实际出货'!E:E,B34,'手机&平板保底版销售计划数量VS 实际出货'!AD:AD) -> 1498019 | AA34: =C34+E34+G34+I34+K34+M34+O34+Q34+S34+U34+W34+Y34 -> 16409000 | AB34: =D34+F34+H34+J34+L34+N34+P34+R34+T34+V34+X34+Z34 -> 13086255 | AF34: CBU/FP | AG34: =SUMIFS('手机&平板保底版销售计划数量VS 实际出货'!G:G,'手机&平板保底版销售计划数量VS 实际出货'!D:D,"CBU",'手机&平板保底版销售计划数量VS 实际出货'!E:E,"FP") -> 0 | AH34: =SUMIFS('手机&平板保底版销售计划数量VS 实际出货'!I:I,'手机&平板保底版销售计划数量VS 实际出货'!D:D,"CBU",'手机&平板保底版销售计划数量VS 实际出货'!E:E,"FP") -> 5000 | AI34: =SUMIFS('手机&平板保底版销售计划数量VS 实际出货'!K:K,'手机&平板保底版销售计划数量VS 实际出货'!D:D,"CBU",'手机&平板保底版销售计划数量VS 实际出货'!E:E,"FP") -> 5000 | AJ34: =SUMIFS('手机&平板保底版销售计划数量VS 实际出货'!M:M,'手机&平板保底版销售计划数量VS 实际出货'!D:D,"CBU",'手机&平板保底版销售计划数量VS 实际出货'!E:E,"FP") -> 0 | AK34: =SUMIFS('手机&平板保底版销售计划数量VS 实际出货'!O:O,'手机&平板保底版销售计划数量VS 实际出货'!D:D,"CBU",'手机&平板保底版销售计划数量VS 实际出货'!E:E,"FP") -> 0 | AL34: =SUMIFS('手机&平板保底版销售计划数量VS 实际出货'!Q:Q,'手机&平板保底版销售计划数量VS 实际出货'!D:D,"CBU",'手机&平板保底版销售计划数量VS 实际出货'!E:E,"FP") -> 0 | AM34: =SUMIFS('手机&平板保底版销售计划数量VS 实际出货'!S:S,'手机&平板保底版销售计划数量VS 实际出货'!D:D,"CBU",'手机&平板保底版销售计划数量VS 实际出货'!E:E,"FP") -> 0 | AN34: =SUMIFS('手机&平板保底版销售计划数量VS 实际出货'!U:U,'手机&平板保底版销售计划数量VS 实际出货'!D:D,"CBU",'手机&平板保底版销售计划数量VS 实际出货'!E:E,"FP") -> 0 | AO34: =SUMIFS('手机&平板保底版销售计划数量VS 实际出货'!W:W,'手机&平板保底版销售计划数量VS 实际出货'!D:D,"CBU",'手机&平板保底版销售计划数量VS 实际出货'!E:E,"FP") -> 0 | AP34: =SUMIFS('手机&平板保底版销售计划数量VS 实际出货'!Y:Y,'手机&平板保底版销售计划数量VS 实际出货'!D:D,"CBU",'手机&平板保底版销售计划数量VS 实际出货'!E:E,"FP") -> 0 | AQ34: =SUMIFS('手机&平板保底版销售计划数量VS 实际出货'!AA:AA,'手机&平板保底版销售计划数量VS 实际出货'!D:D,"CBU",'手机&平板保底版销售计划数量VS 实际出货'!E:E,"FP") -> 0 | AR34: =SUMIFS('手机&平板保底版销售计划数量VS 实际出货'!AC:AC,'手机&平板保底版销售计划数量VS 实际出货'!D:D,"CBU",'手机&平板保底版销售计划数量VS 实际出货'!E:E,"FP") -> 0 | AS34: =SUM(AG34:AR34) -> 10000
B35: PAD | C35: =SUMIF('手机&平板保底版销售计划数量VS 实际出货'!E:E,B35,'手机&平板保底版销售计划数量VS 实际出货'!G:G) -> 93988 | D35: =SUMIF('手机&平板保底版销售计划数量VS 实际出货'!E:E,B35,'手机&平板保底版销售计划数量VS 实际出货'!H:H) -> 97896 | E35: =SUMIF('手机&平板保底版销售计划数量VS 实际出货'!E:E,B35,'手机&平板保底版销售计划数量VS 实际出货'!I:I) -> 88904 | F35: =SUMIF('手机&平板保底版销售计划数量VS 实际出货'!E:E,B35,'手机&平板保底版销售计划数量VS 实际出货'!J:J) -> 100660 | G35: =SUMIF('手机&平板保底版销售计划数量VS 实际出货'!E:E,B35,'手机&平板保底版销售计划数量VS 实际出货'!K:K) -> 117380 | H35: =SUMIF('手机&平板保底版销售计划数量VS 实际出货'!E:E,B35,'手机&平板保底版销售计划数量VS 实际出货'!L:L) -> 101294 | I35: =SUMIF('手机&平板保底版销售计划数量VS 实际出货'!E:E,B35,'手机&平板保底版销售计划数量VS 实际出货'!M:M) -> 70473 | J35: =SUMIF('手机&平板保底版销售计划数量VS 实际出货'!E:E,B35,'手机&平板保底版销售计划数量VS 实际出货'!N:N) -> 62952 | K35: =SUMIF('手机&平板保底版销售计划数量VS 实际出货'!E:E,B35,'手机&平板保底版销售计划数量VS 实际出货'!O:O) -> 90000 | L35: =SUMIF('手机&平板保底版销售计划数量VS 实际出货'!E:E,B35,'手机&平板保底版销售计划数量VS 实际出货'!P:P) -> 92918 | M35: =SUMIF('手机&平板保底版销售计划数量VS 实际出货'!E:E,B35,'手机&平板保底版销售计划数量VS 实际出货'!Q:Q) -> 85000 | N35: =SUMIF('手机&平板保底版销售计划数量VS 实际出货'!E:E,B35,'手机&平板保底版销售计划数量VS 实际出货'!R:R) -> 112620 | O35: =SUMIF('手机&平板保底版销售计划数量VS 实际出货'!E:E,B35,'手机&平板保底版销售计划数量VS 实际出货'!S:S) -> 75000 | P35: =SUMIF('手机&平板保底版销售计划数量VS 实际出货'!E:E,B35,'手机&平板保底版销售计划数量VS 实际出货'!T:T) -> 178550 | Q35: =SUMIF('手机&平板保底版销售计划数量VS 实际出货'!E:E,B35,'手机&平板保底版销售计划数量VS 实际出货'!U:U) -> 79000 | R35: =SUMIF('手机&平板保底版销售计划数量VS 实际出货'!E:E,B35,'手机&平板保底版销售计划数量VS 实际出货'!V:V) -> 321840 | S35: =SUMIF('手机&平板保底版销售计划数量VS 实际出货'!E:E,B35,'手机&平板保底版销售计划数量VS 实际出货'!W:W) -> 70000 | T35: =SUMIF('手机&平板保底版销售计划数量VS 实际出货'!E:E,B35,'手机&平板保底版销售计划数量VS 实际出货'!X:X) -> 300266 | U35: =SUMIF('手机&平板保底版销售计划数量VS 实际出货'!E:E,B35,'手机&平板保底版销售计划数量VS 实际出货'!Y:Y) -> 71000 | V35: =SUMIF('手机&平板保底版销售计划数量VS 实际出货'!E:E,B35,'手机&平板保底版销售计划数量VS 实际出货'!Z:Z) -> 121740 | W35: =SUMIF('手机&平板保底版销售计划数量VS 实际出货'!E:E,B35,'手机&平板保底版销售计划数量VS 实际出货'!AA:AA) -> 87965 | X35: =SUMIF('手机&平板保底版销售计划数量VS 实际出货'!E:E,B35,'手机&平板保底版销售计划数量VS 实际出货'!AB:AB) -> 94594 | Y35: =SUMIF('手机&平板保底版销售计划数量VS 实际出货'!E:E,B35,'手机&平板保底版销售计划数量VS 实际出货'!AC:AC) -> 70000 | Z35: =SUMIF('手机&平板保底版销售计划数量VS 实际出货'!E:E,B35,'手机&平板保底版销售计划数量VS 实际出货'!AD:AD) -> 40204 | AA35: =C35+E35+G35+I35+K35+M35+O35+Q35+S35+U35+W35+Y35 -> 998710 | AB35: =D35+F35+H35+J35+L35+N35+P35+R35+T35+V35+X35+Z35 -> 1625534 | AF35: CBU/FP | AG35: =SUMIFS('手机&平板保底版销售计划数量VS 实际出货'!G:G,'手机&平板保底版销售计划数量VS 实际出货'!D:D,"CBU",'手机&平板保底版销售计划数量VS 实际出货'!E:E,"FP") -> 0 | AH35: =SUMIFS('手机&平板保底版销售计划数量VS 实际出货'!I:I,'手机&平板保底版销售计划数量VS 实际出货'!D:D,"CBU",'手机&平板保底版销售计划数量VS 实际出货'!E:E,"FP") -> 5000 | AI35: =SUMIFS('手机&平板保底版销售计划数量VS 实际出货'!K:K,'手机&平板保底版销售计划数量VS 实际出货'!D:D,"CBU",'手机&平板保底版销售计划数量VS 实际出货'!E:E,"FP") -> 5000 | AJ35: =SUMIFS('手机&平板保底版销售计划数量VS 实际出货'!M:M,'手机&平板保底版销售计划数量VS 实际出货'!D:D,"CBU",'手机&平板保底版销售计划数量VS 实际出货'!E:E,"FP") -> 0 | AK35: =SUMIFS('手机&平板保底版销售计划数量VS 实际出货'!O:O,'手机&平板保底版销售计划数量VS 实际出货'!D:D,"CBU",'手机&平板保底版销售计划数量VS 实际出货'!E:E,"FP") -> 0 | AL35: =SUMIFS('手机&平板保底版销售计划数量VS 实际出货'!Q:Q,'手机&平板保底版销售计划数量VS 实际出货'!D:D,"CBU",'手机&平板保底版销售计划数量VS 实际出货'!E:E,"FP") -> 0 | AM35: =SUMIFS('手机&平板保底版销售计划数量VS 实际出货'!S:S,'手机&平板保底版销售计划数量VS 实际出货'!D:D,"CBU",'手机&平板保底版销售计划数量VS 实际出货'!E:E,"FP") -> 0 | AN35: =SUMIFS('手机&平板保底版销售计划数量VS 实际出货'!U:U,'手机&平板保底版销售计划数量VS 实际出货'!D:D,"CBU",'手机&平板保底版销售计划数量VS 实际出货'!E:E,"FP") -> 0 | AO35: =SUMIFS('手机&平板保底版销售计划数量VS 实际出货'!W:W,'手机&平板保底版销售计划数量VS 实际出货'!D:D,"CBU",'手机&平板保底版销售计划数量VS 实际出货'!E:E,"FP") -> 0 | AP35: =SUMIFS('手机&平板保底版销售计划数量VS 实际出货'!Y:Y,'手机&平板保底版销售计划数量VS 实际出货'!D:D,"CBU",'手机&平板保底版销售计划数量VS 实际出货'!E:E,"FP") -> 0 | AQ35: =SUMIFS('手机&平板保底版销售计划数量VS 实际出货'!AA:AA,'手机&平板保底版销售计划数量VS 实际出货'!D:D,"CBU",'手机&平板保底版销售计划数量VS 实际出货'!E:E,"FP") -> 0 | AR35: =SUMIFS('手机&平板保底版销售计划数量VS 实际出货'!AC:AC,'手机&平板保底版销售计划数量VS 实际出货'!D:D,"CBU",'手机&平板保底版销售计划数量VS 实际出货'!E:E,"FP") -> 0 | AS35: =SUM(AG35:AR35) -> 10000
B36: SP | C36: =SUMIF('手机&平板保底版销售计划数量VS 实际出货'!E:E,B36,'手机&平板保底版销售计划数量VS 实际出货'!G:G) -> 575883 | D36: =SUMIF('手机&平板保底版销售计划数量VS 实际出货'!E:E,B36,'手机&平板保底版销售计划数量VS 实际出货'!H:H) -> 542057 | E36: =SUMIF('手机&平板保底版销售计划数量VS 实际出货'!E:E,B36,'手机&平板保底版销售计划数量VS 实际出货'!I:I) -> 331044 | F36: =SUMIF('手机&平板保底版销售计划数量VS 实际出货'!E:E,B36,'手机&平板保底版销售计划数量VS 实际出货'!J:J) -> 338076 | G36: =SUMIF('手机&平板保底版销售计划数量VS 实际出货'!E:E,B36,'手机&平板保底版销售计划数量VS 实际出货'!K:K) -> 600713 | H36: =SUMIF('手机&平板保底版销售计划数量VS 实际出货'!E:E,B36,'手机&平板保底版销售计划数量VS 实际出货'!L:L) -> 506109 | I36: =SUMIF('手机&平板保底版销售计划数量VS 实际出货'!E:E,B36,'手机&平板保底版销售计划数量VS 实际出货'!M:M) -> 343258 | J36: =SUMIF('手机&平板保底版销售计划数量VS 实际出货'!E:E,B36,'手机&平板保底版销售计划数量VS 实际出货'!N:N) -> 430182 | K36: =SUMIF('手机&平板保底版销售计划数量VS 实际出货'!E:E,B36,'手机&平板保底版销售计划数量VS 实际出货'!O:O) -> 925000 | L36: =SUMIF('手机&平板保底版销售计划数量VS 实际出货'!E:E,B36,'手机&平板保底版销售计划数量VS 实际出货'!P:P) -> 683925 | M36: =SUMIF('手机&平板保底版销售计划数量VS 实际出货'!E:E,B36,'手机&平板保底版销售计划数量VS 实际出货'!Q:Q) -> 860000 | N36: =SUMIF('手机&平板保底版销售计划数量VS 实际出货'!E:E,B36,'手机&平板保底版销售计划数量VS 实际出货'!R:R) -> 788295 | O36: =SUMIF('手机&平板保底版销售计划数量VS 实际出货'!E:E,B36,'手机&平板保底版销售计划数量VS 实际出货'!S:S) -> 1135000 | P36: =SUMIF('手机&平板保底版销售计划数量VS 实际出货'!E:E,B36,'手机&平板保底版销售计划数量VS 实际出货'!T:T) -> 950878 | Q36: =SUMIF('手机&平板保底版销售计划数量VS 实际出货'!E:E,B36,'手机&平板保底版销售计划数量VS 实际出货'!U:U) -> 1265000 | R36: =SUMIF('手机&平板保底版销售计划数量VS 实际出货'!E:E,B36,'手机&平板保底版销售计划数量VS 实际出货'!V:V) -> 878535 | S36: =SUMIF('手机&平板保底版销售计划数量VS 实际出货'!E:E,B36,'手机&平板保底版销售计划数量VS 实际出货'!W:W) -> 1277422 | T36: =SUMIF('手机&平板保底版销售计划数量VS 实际出货'!E:E,B36,'手机&平板保底版销售计划数量VS 实际出货'!X:X) -> 1523332 | U36: =SUMIF('手机&平板保底版销售计划数量VS 实际出货'!E:E,B36,'手机&平板保底版销售计划数量VS 实际出货'!Y:Y) -> 1285000 | V36: =SUMIF('手机&平板保底版销售计划数量VS 实际出货'!E:E,B36,'手机&平板保底版销售计划数量VS 实际出货'!Z:Z) -> 816412 | W36: =SUMIF('手机&平板保底版销售计划数量VS 实际出货'!E:E,B36,'手机&平板保底版销售计划数量VS 实际出货'!AA:AA) -> 1135000 | X36: =SUMIF('手机&平板保底版销售计划数量VS 实际出货'!E:E,B36,'手机&平板保底版销售计划数量VS 实际出货'!AB:AB) -> 848614 | Y36: =SUMIF('手机&平板保底版销售计划数量VS 实际出货'!E:E,B36,'手机&平板保底版销售计划数量VS 实际出货'!AC:AC) -> 1137750 | Z36: =SUMIF('手机&平板保底版销售计划数量VS 实际出货'!E:E,B36,'手机&平板保底版销售计划数量VS 实际出货'!AD:AD) -> 940659 | AA36: =C36+E36+G36+I36+K36+M36+O36+Q36+S36+U36+W36+Y36 -> 10871070 | AB36: =D36+F36+H36+J36+L36+N36+P36+R36+T36+V36+X36+Z36 -> 9247074 | AF36: CBU/SP | AG36: =SUMIFS('手机&平板保底版销售计划数量VS 实际出货'!G:G,'手机&平板保底版销售计划数量VS 实际出货'!D:D,"CBU",'手机&平板保底版销售计划数量VS 实际出货'!E:E,"SP") -> 447243 | AH36: =SUMIFS('手机&平板保底版销售计划数量VS 实际出货'!I:I,'手机&平板保底版销售计划数量VS 实际出货'!D:D,"CBU",'手机&平板保底版销售计划数量VS 实际出货'!E:E,"SP") -> 265544 | AI36: =SUMIFS('手机&平板保底版销售计划数量VS 实际出货'!K:K,'手机&平板保底版销售计划数量VS 实际出货'!D:D,"CBU",'手机&平板保底版销售计划数量VS 实际出货'!E:E,"SP") -> 442713 | AJ36: =SUMIFS('手机&平板保底版销售计划数量VS 实际出货'!M:M,'手机&平板保底版销售计划数量VS 实际出货'!D:D,"CBU",'手机&平板保底版销售计划数量VS 实际出货'!E:E,"SP") -> 263258 | AK36: =SUMIFS('手机&平板保底版销售计划数量VS 实际出货'!O:O,'手机&平板保底版销售计划数量VS 实际出货'!D:D,"CBU",'手机&平板保底版销售计划数量VS 实际出货'!E:E,"SP") -> 795000 | AL36: =SUMIFS('手机&平板保底版销售计划数量VS 实际出货'!Q:Q,'手机&平板保底版销售计划数量VS 实际出货'!D:D,"CBU",'手机&平板保底版销售计划数量VS 实际出货'!E:E,"SP") -> 700000 | AM36: =SUMIFS('手机&平板保底版销售计划数量VS 实际出货'!S:S,'手机&平板保底版销售计划数量VS 实际出货'!D:D,"CBU",'手机&平板保底版销售计划数量VS 实际出货'!E:E,"SP") -> 905000 | AN36: =SUMIFS('手机&平板保底版销售计划数量VS 实际出货'!U:U,'手机&平板保底版销售计划数量VS 实际出货'!D:D,"CBU",'手机&平板保底版销售计划数量VS 实际出货'!E:E,"SP") -> 1125000 | AO36: =SUMIFS('手机&平板保底版销售计划数量VS 实际出货'!W:W,'手机&平板保底版销售计划数量VS 实际出货'!D:D,"CBU",'手机&平板保底版销售计划数量VS 实际出货'!E:E,"SP") -> 1027422 | AP36: =SUMIFS('手机&平板保底版销售计划数量VS 实际出货'!Y:Y,'手机&平板保底版销售计划数量VS 实际出货'!D:D,"CBU",'手机&平板保底版销售计划数量VS 实际出货'!E:E,"SP") -> 1005000 | AQ36: =SUMIFS('手机&平板保底版销售计划数量VS 实际出货'!AA:AA,'手机&平板保底版销售计划数量VS 实际出货'!D:D,"CBU",'手机&平板保底版销售计划数量VS 实际出货'!E:E,"SP") -> 845000 | AR36: =SUMIFS('手机&平板保底版销售计划数量VS 实际出货'!AC:AC,'手机&平板保底版销售计划数量VS 实际出货'!D:D,"CBU",'手机&平板保底版销售计划数量VS 实际出货'!E:E,"SP") -> 897750 | AS36: =SUM(AG36:AR36) -> 8718930
B37: Total | C37: =SUM(C34:C36) -> 2129871 | D37: =SUM(D34:D36) -> 2253215 | E37: =SUM(E34:E36) -> 1774948 | F37: =SUM(F34:F36) -> 1369112 | G37: =SUM(G34:G36) -> 1973093 | H37: =SUM(H34:H36) -> 1551175 | I37: =SUM(I34:I36) -> 1663731 | J37: =SUM(J34:J36) -> 1314512 | ... AB37: =SUM(AB34:AB36) -> 23958863 | AF37: SKD/FP | AG37: =SUMIFS('手机&平板保底版销售计划数量VS 实际出货'!G:G,'手机&平板保底版销售计划数量VS 实际出货'!D:D,"SKD",'手机&平板保底版销售计划数量VS 实际出货'!E:E,"FP") -> 0 | AH37: =SUMIFS('手机&平板保底版销售计划数量VS 实际出货'!I:I,'手机&平板保底版销售计划数量VS 实际出货'!D:D,"SKD",'手机&平板保底版销售计划数量VS 实际出货'!E:E,"FP") -> 100000 | AI37: =SUMIFS('手机&平板保底版销售计划数量VS 实际出货'!K:K,'手机&平板保底版销售计划数量VS 实际出货'!D:D,"SKD",'手机&平板保底版销售计划数量VS 实际出货'!E:E,"FP") -> 100000 | AJ37: =SUMIFS('手机&平板保底版销售计划数量VS 实际出货'!M:M,'手机&平板保底版销售计划数量VS 实际出货'!D:D,"SKD",'手机&平板保底版销售计划数量VS 实际出货'!E:E,"FP") -> 150000 | AK37: =SUMIFS('手机&平板保底版销售计划数量VS 实际出货'!O:O,'手机&平板保底版销售计划数量VS 实际出货'!D:D,"SKD",'手机&平板保底版销售计划数量VS 实际出货'!E:E,"FP") -> 50000 | AL37: =SUMIFS('手机&平板保底版销售计划数量VS 实际出货'!Q:Q,'手机&平板保底版销售计划数量VS 实际出货'!D:D,"SKD",'手机&平板保底版销售计划数量VS 实际出货'!E:E,"FP") -> 100000 | AM37: =SUMIFS('手机&平板保底版销售计划数量VS 实际出货'!S:S,'手机&平板保底版销售计划数量VS 实际出货'!D:D,"SKD",'手机&平板保底版销售计划数量VS 实际出货'!E:E,"FP") -> 150000 | AN37: =SUMIFS('手机&平板保底版销售计划数量VS 实际出货'!U:U,'手机&平板保底版销售计划数量VS 实际出货'!D:D,"SKD",'手机&平板保底版销售计划数量VS 实际出货'!E:E,"FP") -> 50000 | AO37: =SUMIFS('手机&平板保底版销售计划数量VS 实际出货'!W:W,'手机&平板保底版销售计划数量VS 实际出货'!D:D,"SKD",'手机&平板保底版销售计划数量VS 实际出货'!E:E,"FP") -> 100000 | AP37: =SUMIFS('手机&平板保底版销售计划数量VS 实际出货'!G:G,'手机&平板保底版销售计划数量VS 实际出货'!Y:Y,"SKD",'手机&平板保底版销售计划数量VS 实际出货'!E:E,"FP") -> 0 | AQ37: =SUMIFS('手机&平板保底版销售计划数量VS 实际出货'!AA:AA,'手机&平板保底版销售计划数量VS 实际出货'!D:D,"SKD",'手机&平板保底版销售计划数量VS 实际出货'!E:E,"FP") -> 36000 | AR37: =SUMIFS('手机&平板保底版销售计划数量VS 实际出货'!AC:AC,'手机&平板保底版销售计划数量VS 实际出货'!D:D,"SKD",'手机&平板保底版销售计划数量VS 实际出货'!E:E,"FP") -> 0 | AS37: =SUM(AG37:AR37) -> 836000
AF38: SKD/SP | AG38: =SUMIFS('手机&平板保底版销售计划数量VS 实际出货'!G:G,'手机&平板保底版销售计划数量VS 实际出货'!D:D,"SKD",'手机&平板保底版销售计划数量VS 实际出货'!E:E,"SP") -> 44140 | AH38: =SUMIFS('手机&平板保底版销售计划数量VS 实际出货'!I:I,'手机&平板保底版销售计划数量VS 实际出货'!D:D,"SKD",'手机&平板保底版销售计划数量VS 实际出货'!E:E,"SP") -> 0 | AI38: =SUMIFS('手机&平板保底版销售计划数量VS 实际出货'!K:K,'手机&平板保底版销售计划数量VS 实际出货'!D:D,"SKD",'手机&平板保底版销售计划数量VS 实际出货'!E:E,"SP") -> 82500 | AJ38: =SUMIFS('手机&平板保底版销售计划数量VS 实际出货'!M:M,'手机&平板保底版销售计划数量VS 实际出货'!D:D,"SKD",'手机&平板保底版销售计划数量VS 实际出货'!E:E,"SP") -> 10000 | AK38: =SUMIFS('手机&平板保底版销售计划数量VS 实际出货'!O:O,'手机&平板保底版销售计划数量VS 实际出货'!D:D,"SKD",'手机&平板保底版销售计划数量VS 实际出货'!E:E,"SP") -> 60000 | AL38: =SUMIFS('手机&平板保底版销售计划数量VS 实际出货'!Q:Q,'手机&平板保底版销售计划数量VS 实际出货'!D:D,"SKD",'手机&平板保底版销售计划数量VS 实际出货'!E:E,"SP") -> 70000 | AM38: =SUMIFS('手机&平板保底版销售计划数量VS 实际出货'!S:S,'手机&平板保底版销售计划数量VS 实际出货'!D:D,"SKD",'手机&平板保底版销售计划数量VS 实际出货'!E:E,"SP") -> 120000 | AN38: =SUMIFS('手机&平板保底版销售计划数量VS 实际出货'!U:U,'手机&平板保底版销售计划数量VS 实际出货'!D:D,"SKD",'手机&平板保底版销售计划数量VS 实际出货'!E:E,"SP") -> 80000 | AO38: =SUMIFS('手机&平板保底版销售计划数量VS 实际出货'!W:W,'手机&平板保底版销售计划数量VS 实际出货'!D:D,"SKD",'手机&平板保底版销售计划数量VS 实际出货'!E:E,"SP") -> 70000 | AP38: =SUMIFS('手机&平板保底版销售计划数量VS 实际出货'!Y:Y,'手机&平板保底版销售计划数量VS 实际出货'!D:D,"SKD",'手机&平板保底版销售计划数量VS 实际出货'!E:E,"SP") -> 70000 | AQ38: =SUMIFS('手机&平板保底版销售计划数量VS 实际出货'!AA:AA,'手机&平板保底版销售计划数量VS 实际出货'!D:D,"SKD",'手机&平板保底版销售计划数量VS 实际出货'!E:E,"SP") -> 40000 | AR38: =SUMIFS('手机&平板保底版销售计划数量VS 实际出货'!AC:AC,'手机&平板保底版销售计划数量VS 实际出货'!D:D,"SKD",'手机&平板保底版销售计划数量VS 实际出货'!E:E,"SP") -> 60000 | AS38: =SUM(AG38:AR38) -> 706640
AF39: CKD | AG39: =SUMIF('手机&平板保底版销售计划数量VS 实际出货'!D:D,"CKD",'手机&平板保底版销售计划数量VS 实际出货'!G:G) -> 1520000 | AH39: =SUMIF('手机&平板保底版销售计划数量VS 实际出货'!D:D,"CKD",'手机&平板保底版销售计划数量VS 实际出货'!I:I) -> 1300000 | AI39: =SUMIF('手机&平板保底版销售计划数量VS 实际出货'!D:D,"CKD",'手机&平板保底版销售计划数量VS 实际出货'!K:K) -> 1210000 | AJ39: =SUMIF('手机&平板保底版销售计划数量VS 实际出货'!D:D,"CKD",'手机&平板保底版销售计划数量VS 实际出货'!M:M) -> 1160000 | AK39: =SUMIF('手机&平板保底版销售计划数量VS 实际出货'!D:D,"CKD",'手机&平板保底版销售计划数量VS 实际出货'!O:O) -> 1320000 | AL39: =SUMIF('手机&平板保底版销售计划数量VS 实际出货'!D:D,"CKD",'手机&平板保底版销售计划数量VS 实际出货'!Q:Q) -> 1310000 | AM39: =SUMIF('手机&平板保底版销售计划数量VS 实际出货'!D:D,"CKD",'手机&平板保底版销售计划数量VS 实际出货'!S:S) -> 1590000 | AN39: =SUMIF('手机&平板保底版销售计划数量VS 实际出货'!D:D,"CKD",'手机&平板保底版销售计划数量VS 实际出货'!U:U) -> 1550000 | AO39: =SUMIF('手机&平板保底版销售计划数量VS 实际出货'!D:D,"CKD",'手机&平板保底版销售计划数量VS 实际出货'!W:W) -> 1740000 | AP39: =SUMIF('手机&平板保底版销售计划数量VS 实际出货'!D:D,"CKD",'手机&平板保底版销售计划数量VS 实际出货'!Y:Y) -> 1760000 | AQ39: =SUMIF('手机&平板保底版销售计划数量VS 实际出货'!D:D,"CKD",'手机&平板保底版销售计划数量VS 实际出货'!AA:AA) -> 1160000 | AR39: =SUMIF('手机&平板保底版销售计划数量VS 实际出货'!D:D,"CKD",'手机&平板保底版销售计划数量VS 实际出货'!AC:AC) -> 1083000 | AS39: =SUM(AG39:AR39) -> 16703000
AF40: Total | AG40: =SUM(AG34:AG39) -> 2011383 | AH40: =SUM(AH34:AH39) -> 1675544 | AI40: =SUM(AI34:AI39) -> 1845213 | AJ40: =SUM(AJ34:AJ39) -> 1583258 | AK40: =SUM(AK34:AK39) -> 2225000 | AL40: =SUM(AL34:AL39) -> 2180000 | AM40: =SUM(AM34:AM39) -> 2765000 | AN40: =SUM(AN34:AN39) -> 2805000 | ... AS40: =SUM(AS34:AS39) -> 26984570

Sheet 目标完成
B2: 客户 | C2: 1-10月份 | G2: 10月份 | K2: 1-12月份 | O2: 2021年全年
C3: 分解目标 | D3: 实际完成 | E3: 差异 | F3: 完成率 | G3: 分解目标 | H3: 实际完成 | I3: 差异 | J3: 完成率 | K3: 分解目标 | L3: 最新销售计划 | M3: 差异 | N3: 预计完成率 | O3: 年度目标 | P3: 截至10月底 完成率 | Q3: 截至10月底预计完成率
B4: 汇总 | C4: =SUM(C5:C17) -> 110197.73 | D4: =SUM(D5:D17) -> 89155.548 | E4: =D4-C4 -> -21042.178 | F4: =D4/C4 -> 0.80905071 | G4: =SUM(G5:G17) -> 15886.878 | H4: =SUM(H5:H17) -> 6844 | I4: =H4-G4 -> -9042.8775 | J4: =H4/G4 -> 0.43079579 | K4: =SUM(K5:K17) -> 181942.78 | L4: =SUM(L5:L17) -> #REF! | M4: =L4-K4 -> #REF! | N4: =L4/K4 -> #REF! | O4: =SUM(O5:O17) -> 181942.78 | P4: =D4/O4 -> 0.49001972 | Q4: =L4/O4 -> #REF!
B5: LAVA | C5: 27475.113 | D5: 22499.894 | E5: =D5-C5 -> -4975.2187 | F5: =D5/C5 -> 0.81891908 | G5: 5766.215 | H5: 1462 | I5: =H5-G5 -> -4304.215 | J5: =H5/G5 -> 0.25354587 | K5: 52553.413 | L5: =D5+SUMIF(#REF!,B5,#REF!) -> #REF! | M5: =L5-K5 -> #REF! | N5: =L5/K5 -> #REF! | O5: 52553.413 | P5: =D5/O5 -> 0.42813384 | Q5: =L5/O5 -> #REF!
B6: HMD | C6: 15713.442 | D6: 14125.723 | E6: =D6-C6 -> -1587.7189 | F6: =D6/C6 -> 0.89895792 | G6: 1912.3325 | H6: 84 | I6: =H6-G6 -> -1828.3325 | J6: =H6/G6 -> 0.043925416 | K6: 23362.772 | L6: =D6+SUMIF(#REF!,B6,#REF!) -> #REF! | M6: =L6-K6 -> #REF! | N6: =L6/K6 -> #REF! | O6: 23362.772 | P6: =D6/O6 -> 0.6046253 | Q6: =L6/O6 -> #REF!
B7: SM | C7: 16331.121 | D7: 11473.075 | E7: =D7-C7 -> -4858.0465 | F7: =D7/C7 -> 0.70252829 | G7: 2618.2 | H7: 148 | I7: =H7-G7 -> -2470.2 | J7: =H7/G7 -> 0.056527385 | K7: 26052.521 | L7: =D7+SUMIF(#REF!,B7,#REF!) -> #REF! | M7: =L7-K7 -> #REF! | N7: =L7/K7 -> #REF! | O7: 26052.521 | P7: =D7/O7 -> 0.44038251 | Q7: =L7/O7 -> #REF!
B8: BLU | C8: 8863.8755 | D8: 7090.5726 | E8: =D8-C8 -> -1773.303 | F8: =D8/C8 -> 0.79994045 | G8: 721.825 | H8: 518 | I8: =H8-G8 -> -203.825 | J8: =H8/G8 -> 0.71762546 | K8: 13701.176 | L8: =D8+SUMIF(#REF!,B8,#REF!) -> #REF! | M8: =L8-K8 -> #REF! | N8: =L8/K8 -> #REF! | O8: 13701.176 | P8: =D8/O8 -> 0.51751564 | Q8: =L8/O8 -> #REF!
B9: Gionee | C9: 4868.1087 | D9: 7842.6672 | E9: =D9-C9 -> 2974.5585 | F9: =D9/C9 -> 1.6110296 | G9: 0 | H9: 2024 | I9: =H9-G9 -> 2024 | J9: 1 | K9: 9548.1087 | L9: =D9+SUMIF(#REF!,B9,#REF!) -> #REF! | M9: =L9-K9 -> #REF! | N9: =L9/K9 -> #REF! | O9: 9548.1087 | P9: =D9/O9 -> 0.82138436 | Q9: =L9/O9 -> #REF!
B10: TCL | C10: 4749.5823 | D10: 4845.42 | E10: =D10-C10 -> 95.837759 | F10: =D10/C10 -> 1.0201781 | G10: 463.125 | H10: 487 | I10: =H10-G10 -> 23.875 | J10: =H10/G10 -> 1.051552 | K10: 6602.0823 | L10: =D10+SUMIF(#REF!,B10,#REF!) -> #REF! | M10: =L10-K10 -> #REF! | N10: =L10/K10 -> #REF! | O10: 6602.0823 | P10: =D10/O10 -> 0.733923 | Q10: =L10/O10 -> #REF!
B11: QM | C11: 1240.878 | D11: 717.75308 | E11: =D11-C11 -> -523.12496 | F11: =D11/C11 -> 0.57842355 | G11: 0 | H11: 304 | I11: =H11-G11 -> 304 | J11: 1 | K11: 1240.878 | L11: =D11+SUMIF(#REF!,B11,#REF!) -> #REF! | M11: =L11-K11 -> #REF! | N11: =L11/K11 -> #REF! | O11: 1240.878 | P11: =D11/O11 -> 0.57842355 | Q11: =L11/O11 -> #REF!
B12: Walton | C12: 3500.4037 | D12: 4152.3818 | E12: =D12-C12 -> 651.97816 | F12: =D12/C12 -> 1.186258 | G12: 0 | H12: 437 | I12: =H12-G12 -> 437 | J12: 1.44 | K12: 3500.4037 | L12: =D12+SUMIF(#REF!,B12,#REF!) -> #REF! | M12: =L12-K12 -> #REF! | N12: =L12/K12 -> #REF! | O12: 3500.4037 | P12: =D12/O12 -> 1.186258 | Q12: =L12/O12 -> #REF!
B13: MMX | C13: 9626.3688 | D13: 6845.469 | E13: =D13-C13 -> -2780.8998 | F13: =D13/C13 -> 0.71111643 | G13: 2141.75 | H13: 1286 | I13: =H13-G13 -> -855.75 | J13: =H13/G13 -> 0.60044356 | K13: 18203.119 | L13: =D13+SUMIF(#REF!,B13,#REF!) -> #REF! | M13: =L13-K13 -> #REF! | N13: =L13/K13 -> #REF! | O13: 18203.119 | P13: =D13/O13 -> 0.37606023 | Q13: =L13/O13 -> #REF!
B14: Condor | C14: 1416.5658 | D14: 0 | E14: =D14-C14 -> -1416.5658 | F14: =D14/C14 -> 0 | G14: 0 | H14: 0 | I14: =H14-G14 -> 0 | J14: =H14/G14 -> #DIV/0! | K14: 1416.5658 | L14: =D14+SUMIF(#REF!,B14,#REF!) -> #REF! | M14: =L14-K14 -> #REF! | N14: =L14/K14 -> #REF! | O14: 1416.5658 | P14: =D14/O14 -> 0 | Q14: =L14/O14 -> #REF!
B15: Mobicel | C15: 12543.38 | D15: 6888.945 | E15: =D15-C15 -> -5654.4354 | F15: =D15/C15 -> 0.5492096 | G15: 1547 | H15: 0 | I15: =H15-G15 -> -1547 | J15: =H15/G15 -> 0 | K15: 19027.13 | L15: =D15+SUMIF(#REF!,B15,#REF!) -> #REF! | M15: =L15-K15 -> #REF! | N15: =L15/K15 -> #REF! | O15: 19027.13 | P15: =D15/O15 -> 0.36205906 | Q15: =L15/O15 -> #REF!
B16: Doro | C16: 815.38656 | D16: 1806.3673 | E16: =D16-C16 -> 990.98075 | F16: =D16/C16 -> 2.2153508 | G16: 204.49 | H16: 94 | I16: =H16-G16 -> -110.49 | J16: 2 | K16: 1633.3466 | L16: =D16+SUMIF(#REF!,B16,#REF!) -> #REF! | M16: =L16-K16 -> #REF! | N16: =L16/K16 -> #REF! | O16: 1633.3466 | P16: =D16/O16 -> 1.1059302 | Q16: =L16/O16 -> #REF!
B17: VSM | C17: 3053.5005 | D17: 867.28036 | E17: =D17-C17 -> -2186.2201 | F17: =D17/C17 -> 0.28402824 | G17: 511.94 | H17: 0 | I17: =H17-G17 -> -511.94 | J17: =H17/G17 -> 0 | K17: 5101.2605 | L17: =D17+SUMIF(#REF!,B17,#REF!) -> #REF! | M17: =L17-K17 -> #REF! | N17: =L17/K17 -> #REF! | O17: 5101.2605 | P17: =D17/O17 -> 0.17001296 | Q17: =L17/O17 -> #REF!
B19: 备注： | C19: 1. 单位：人民币, 万元, 换算汇率：6.4；
C20: 2. 数据口径：未税/离厂出货；
C21: 3.目标为18亿版本；
C22: 4. 实际完成数据来自财务部，目标&计划数据来自销售部。
