Workbook

Sheet Sheet1
B1: Q1 | C1: Jan | D1: Feb | E1: Mar
A2: 2025年计划出货金额 | B2: =SUM(C2:E2) -> 73367.353 | C2: ='2025数据'!D4 -> 25825.754 | D2: ='2025数据'!E4 -> 20298.077 | E2: ='2025数据'!F4 -> 27243.522
A3: 2024年实际出货金额 | B3: =SUM(C3:E3) -> 62546.622 | C3: 28412.634 | D3: 13508.416 | E3: 20625.572
B6: Q2 | C6: Apr | D6: May | E6: Jun
A7: 2025年实际+计划出货金额 | B7: =SUM(C7:E7) -> #REF! | C7: ='2025数据'!G4 -> 19367.918 | D7: ='2025数据'!H4 -> 25916.611 | E7: ='2025数据'!#REF! -> #REF!
A8: 2024年实际出货金额 | B8: =SUM(C8:E8) -> 55199.486 | C8: 16661.011 | D8: 18784.733 | E8: 19753.742
B11: Q3 | C11: Jul | D11: Aug | E11: Sep
A12: 2025年计划出货金额 | B12: =SUM(C12:E12) -> #REF! | C12: ='2025数据'!#REF! -> #REF! | D12: ='2025数据'!#REF! -> #REF! | E12: ='2025数据'!#REF! -> #REF!
A13: 2024年实际出货金额 | B13: =SUM(C13:E13) -> 84842.796 | C13: 25131.841 | D13: 34901.789 | E13: 24809.166

Sheet 2025数据
B2: 客户 | C2: 1-12月 | D2: 1月份 | E2: 2月份 | F2: 3月份 | G2: 4月 | H2: 5月 | I2: 6月 | J2: 7月 | K2: 8月 | L2: 9月 | M2: 10月 | N2: 11月 | O2: 12月
C3: 实际出货合计 | D3: 实际出货 | E3: 实际出货 | F3: 实际出货 | G3: 实际出货 | H3: 实际出货 | I3: 实际出货 | J3: 实际出货 | K3: 实际出货 | L3: 实际出货 | M3: 实际出货 | N3: 实际出货 | O3: 实际出货 | S3: 年度占比 | T3: local客户占比
B4: 汇总 | C4: =SUM(C5:C44) -> 417096.72 | D4: =SUM(D5:D44) -> 25825.754 | E4: =SUM(E5:E44) -> 20298.077 | F4: =SUM(F5:F44) -> 27243.522 | G4: =SUM(G5:G44) -> 19367.918 | H4: =SUM(H5:H44) -> 25916.611 | I4: =SUM(I5:I44) -> 29144.099 | J4: =SUM(J5:J44) -> 47587.766 | ... O4: =SUM(O5:O44) -> 33248.237
A5: Javi | B5: HMD | C5: =SUM(D5:O5) -> 46476.768 | D5: 5561.0166 | E5: 3220.421 | F5: 3883.7571 | G5: 3271.9787 | H5: 3559.2678 | I5: 2596.6914 | J5: 3185.5075 | K5: 2427.4487 | L5: 3569.8814 | M5: 4004.002 | N5: 5518.0386 | O5: 5678.7575 | S5: =C5/$C$4 -> 0.11142923
A6: Steve | B6: ZTE | C6: =SUM(D6:O6) -> 107762.61 | D6: 6745.6604 | E6: 4867.1323 | F6: 6006.1922 | G6: 5213.5715 | H6: 8344.746 | I6: 8620.971 | J6: 9882.299 | K6: 9594.285 | L6: 15052.685 | M6: 9604.8149 | N6: 11152.464 | O6: 12677.789 | S6: =C6/$C$4 -> 0.2583636
A7: Diana | B7: LAVA | C7: =SUM(D7:O7) -> 30597.259 | D7: 1517.5824 | E7: 1482.1056 | F7: 1416.8027 | G7: 2879.9263 | H7: 3111.808 | I7: 2366.4397 | J7: 2048.5768 | K7: 5414.076 | L7: 7041.4312 | M7: 1116.1987 | N7: 1405.6306 | O7: 796.68117 | S7: =C7/$C$4 -> 0.073357707 | T7: =C7/$C$64 -> 0.33751511
A8: Arthur | B8: SM | C8: =SUM(D8:O8) -> 1016.64 | F8: 662.4 | G8: 354.24 | S8: =C8/$C$4 -> 0.0024374203 | T8: =C8/$C$64 -> 0.011214448
A9: Sam | B9: BLU | C9: =SUM(D9:O9) -> 13164.286 | D9: 1091.5066 | F9: 1000.5601 | H9: 1481.8425 | I9: 1090.2934 | J9: 2576.0044 | K9: 736.032 | L9: 380.54976 | M9: 1902.375 | N9: 1735.5561 | O9: 1169.566 | S9: =C9/$C$4 -> 0.03156171 | T9: =C9/$C$64 -> 0.14521384
A10: Java | B10: Doro | C10: =SUM(D10:O10) -> 86.086 | D10: 42.742 | E10: 43.344 | S10: =C10/$C$4 -> 0.00020639338 | T10: =C10/$C$64 -> 0.00094960551
A11: Steve | B11: MBC | C11: =SUM(D11:O11) -> 2625.2978 | D11: 644.68 | F11: 620.1 | G11: 388.8 | H11: 292.75425 | I11: 678.9636 | S11: =C11/$C$4 -> 0.0062942184 | T11: =C11/$C$64 -> 0.028959381
B12: PT | C12: =SUM(D12:O12) -> 0 | S12: =C12/$C$4 -> 0 | T12: =C12/$C$64 -> 0
B13: LF | C13: =SUM(D13:O13) -> 3533.5658 | D13: 1083.2825 | F13: 964.764 | H13: 174.09842 | I13: 440.55038 | J13: 110.09861 | L13: 0 | M13: 760.77188 | S13: =C13/$C$4 -> 0.0084718139 | T13: =C13/$C$64 -> 0.038978388
B14: YTF | C14: =SUM(D14:O14) -> 2588.1757 | D14: 396.4995 | G14: 70.956 | H14: 329.52418 | I14: 368.40349 | L14: 1214.4198 | M14: 208.37276 | S14: =C14/$C$4 -> 0.0062052172 | T14: =C14/$C$64 -> 0.028549891
B15: AI | C15: =SUM(D15:O15) -> 25303.472 | H15: 47.62078 | I15: 2460.8021 | J15: 6751.6414 | K15: 2741.1728 | L15: 9756.7344 | M15: 2872.359 | O15: 673.1413 | S15: =C15/$C$4 -> 0.060665717 | T15: =C15/$C$64 -> 0.27911991
B16: GDL | C16: =SUM(D16:O16) -> 2172.5776 | G16: 332.28 | I16: 330.5008 | J16: 628.29375 | K16: 277.89696 | L16: 603.60608 | S16: =C16/$C$4 -> 0.00520881 | T16: =C16/$C$64 -> 0.023965472
B17: WIKO | C17: =SUM(D17:O17) -> 164.29968 | G17: 164.29968 | S17: =C17/$C$4 -> 0.00039391266 | T17: =C17/$C$64 -> 0.0018123723
B18: TP | C18: =SUM(D18:O18) -> 3060.626 | E18: 133.488 | F18: 311.472 | H18: 166.54464 | I18: 7.687736 | K18: 1239.6359 | L18: 741.67295 | N18: 153.16655 | O18: 306.9583 | S18: =C18/$C$4 -> 0.0073379288 | T18: =C18/$C$64 -> 0.03376144
A19: Jackson | B19: XM | C19: =SUM(D19:O19) -> 1065.3848 | D19: 665.4688 | N19: 200.90678 | O19: 199.00919 | S19: =C19/$C$4 -> 0.0025542871 | T19: =C19/$C$64 -> 0.011752146
B20: GV | C20: =SUM(D20:O20) -> 2138.4286 | H20: 355.8952 | J20: 285.42487 | L20: 353.46944 | N20: 279.90548 | O20: 863.73365 | S20: =C20/$C$4 -> 0.0051269371 | T20: =C20/$C$64 -> 0.023588779
B21: VGT | C21: =SUM(D21:O21) -> 659.26976 | H21: 0 | N21: 659.26976 | O21: 0 | S21: =C21/$C$4 -> 0.001580616 | T21: =C21/$C$64 -> 0.0072723346
B22: ST | C22: =SUM(D22:O22) -> 161.8533 | H22: 0 | O22: 161.8533 | S22: =C22/$C$4 -> 0.0003880474 | T22: =C22/$C$64 -> 0.0017853865
B23: SL | C23: =SUM(D23:O23) -> 0 | H23: 0 | S23: =C23/$C$4 -> 0 | T23: =C23/$C$64 -> 0
B24: Assr | C24: =SUM(D24:O24) -> 156.978 | H24: 0 | M24: 156.978 | S24: =C24/$C$4 -> 0.00037635875 | T24: =C24/$C$64 -> 0.0017316076
B25: SK | C25: =SUM(D25:O25) -> 375.73944 | H25: 0 | L25: 375.73944 | S25: =C25/$C$4 -> 0.00090084487 | T25: =C25/$C$64 -> 0.0041447418
B26: ET | C26: =SUM(D26:O26) -> 970.65949 | H26: 0 | N26: 970.65949 | O26: 0 | S26: =C26/$C$4 -> 0.0023271808 | T26: =C26/$C$64 -> 0.010707242
B27: MC | C27: =SUM(D27:O27) -> 813.888 | F27: 813.888 | S27: =C27/$C$4 -> 0.0019513172 | T27: =C27/$C$64 -> 0.0089779119
A28: Javi | B28: ZYB | C28: =SUM(D28:O28) -> 100904.67 | D28: 4648.7787 | E28: 4636.6923 | F28: 3595 | G28: 3698.7434 | H28: 5045.8775 | I28: 5957.6133 | J28: 10979.764 | K28: 20464.531 | L28: 21374.31 | M28: 9461.6003 | N28: 7616.0244 | O28: 3425.7312 | S28: =C28/$C$4 -> 0.2419215
A29: Jackson | B29: Xiaodu | C29: =SUM(D29:O29) -> 4730.0668 | D29: 1288.8235 | E29: 605.51327 | F29: 1803.115 | K29: 710.23621 | L29: 322.37883 | S29: =C29/$C$4 -> 0.011340456
B30: TAL | C30: =SUM(D30:O30) -> 2551.6793 | D30: 51.36869 | E30: 712.08319 | F30: 1429.7009 | H30: 149.43387 | L30: 209.09268 | S30: =C30/$C$4 -> 0.0061177161
B31: KK | C31: =SUM(D31:O31) -> 1042.5619 | D31: 0 | E31: 0 | F31: 0 | H31: 417.06903 | I31: 451.82478 | L31: 173.66814 | S31: =C31/$C$4 -> 0.0024995688
A32: Diana | B32: Didi | C32: =SUM(D32:O32) -> 6707.4011 | D32: 346.54324 | E32: 1067.9577 | F32: 954.26 | G32: 626.52033 | H32: 658.70141 | I32: 409.37981 | J32: 427.34912 | K32: 275.92837 | L32: 100.09924 | M32: 507.97985 | N32: 629.32835 | O32: 703.35364 | S32: =C32/$C$4 -> 0.016081165
A33: Steve | B33: MT | C33: =SUM(D33:O33) -> 16477.892 | D33: 1493.409 | E33: 3016.963 | F33: 3113.41 | G33: 2366.6023 | H33: 1393.7418 | I33: 1353.14 | J33: 1649.2979 | K33: 1010.0768 | L33: 361.5248 | M33: 173.94229 | N33: 142.15003 | O33: 403.63399 | S33: =C33/$C$4 -> 0.039506165
B34: 哈啰 | C34: =SUM(D34:O34) -> 1047.3356 | D34: 164.12177 | E34: 354.01381 | F34: 529.2 | S34: =C34/$C$4 -> 0.0025110137
A35: Sam | B35: 德卡 | C35: =SUM(D35:O35) -> 124.78 | F35: 124.78 | S35: =C35/$C$4 -> 0.00029916322
A36: Sam | B36: 巨鼎 | C36: =SUM(D36:O36) -> 693.48867 | E36: 158.36283 | I36: 178.10735 | N36: 357.0185 | O36: 0 | S36: =C36/$C$4 -> 0.0016626567
A37: Java | B37: 艾康 | C37: =SUM(D37:O37) -> 253.85124 | J37: 253.85124 | S37: =C37/$C$4 -> 0.0006086148
A38: Steve | B38: 天猫 | C38: =SUM(D38:O38) -> 49.872619 | D38: 5.272354 | F38: 7.91 | J38: 5.8704425 | K38: 11.740885 | L38: 11.740885 | M38: 7.3380531 | S38: =C38/$C$4 -> 0.00011957087
A39: Steve | B39: Webin | C39: =SUM(D39:O39) -> 29904.951 | D39: 78.99815 | H39: 328.31004 | I39: 1441.5354 | J39: 6432.2041 | K39: 5435.6208 | L39: 7985.3986 | M39: 1985.2244 | N39: 29.630886 | O39: 6188.0288 | S39: =C39/$C$4 -> 0.071697881
A40: Steve | B40: MY | C40: =SUM(D40:O40) -> 7698.9353 | H40: 59.376106 | I40: 391.19469 | J40: 2371.5828 | K40: 3974.614 | L40: 741.54814 | N40: 160.61947 | O40: 0 | S40: =C40/$C$4 -> 0.018458393
B41: TX | C41: =SUM(D41:O41) -> 0 | S41: =C41/$C$4 -> 0
B42: 蚂蚁渠道 | C42: =SUM(D42:O42) -> 15.373717 | F42: 6.21 | K42: 2.2566372 | N42: 6.9070796 | O42: 0 | S42: =C42/$C$4 -> 3.6858877e-05
S43: =C43/$C$4 -> 0
B47: 销售 | C47: 1-12月 实际出货 | D47: 1月份 实际出货 | E47: 2月份 实际出货 | F47: 3月份 实际出货 | G47: 4月份 实际出货 | H47: 5月份 实际出货 | I47: 6月份 实际出货 | J47: 7月份 实际出货 | K47: 8月份 实际出货 | L47: 9月份 实际出货 | M47: 10月份 实际出货 | N47: 11月份 实际出货 | O47: 12月份 实际出货 | P47: 冲刺版年度目标 | Q47: 冲刺版年度目标完成率 | R47: 保底版年度目标 | S47: 保底版年度目标完成率
B48: 戴明星 | C48: =C5+C9+C13+C14+C20+C25+C27+C26 -> 70061.511 | D48: =D5+D9+D13+D14+D20+D25+D27+D26 -> 8132.3052 | E48: =E5+E9+E13+E14+E20+E25+E27+E26 -> 3220.421 | F48: =F5+F9+F13+F14+F20+F25+F27+F26 -> 6662.9692 | G48: =G5+G9+G13+G14+G20+G25+G27+G26 -> 3342.9347 | H48: =H5+H9+H13+H14+H20+H25+H27+H26 -> 5900.6281 | I48: =I5+I9+I13+I14+I20+I25+I27+I26 -> 4495.9386 | J48: =J5+J9+J13+J14+J20+J25+J27+J26 -> 6157.0354 | ... O48: =O5+O9+O13+O14+O20+O25+O27+O26 -> 7712.0572 | P48: 100006.41 | Q48: =C48/P48 -> 0.7005702 | R48: 85001.49 | S48: =C48/R48 -> 0.82423862
B49: 胡凤 | C49: =C7+C10+C11+C15+C8+C16+C37+C12 -> 62055.184 | D49: =D7+D10+D11+D15+D8+D16+D37+D12 -> 2205.0044 | E49: =E7+E10+E11+E15+E8+E16+E37+E12 -> 1525.4496 | F49: =F7+F10+F11+F15+F8+F16+F37+F12 -> 2699.3027 | G49: =G7+G10+G11+G15+G8+G16+G37+G12 -> 3955.2463 | H49: =H7+H10+H11+H15+H8+H16+H37+H12 -> 3452.183 | I49: =I7+I10+I11+I15+I8+I16+I37+I12 -> 5836.7061 | J49: =J7+J10+J11+J15+J8+J16+J37+J12 -> 9682.3632 | ... O49: =O7+O10+O11+O15+O8+O16+O37+O12 -> 1469.8225 | P49: 50007.055 | Q49: =C49/P49 -> 1.2409286 | R49: 45003.455 | S49: =C49/R49 -> 1.3788982
B50: 孙浩 | C50: =C18+C19+C21+C22+C23+C24 -> 5104.1119 | D50: =D18+D19+D21+D22+D23+D24 -> 665.4688 | E50: =E18+E19+E21+E22+E23+E24 -> 133.488 | F50: =F18+F19+F21+F22+F23+F24 -> 311.472 | G50: =G18+G19+G21+G22+G23+G24 -> 0 | H50: =H18+H19+H21+H22+H23+H24 -> 166.54464 | I50: =I18+I19+I21+I22+I23+I24 -> 7.687736 | J50: =J18+J19+J21+J22+J23+J24 -> 0 | ... O50: =O18+O19+O21+O22+O23+O24 -> 667.82079 | P50: 13503.972 | Q50: =C50/P50 -> 0.37797115 | R50: 12002.372 | S50: =C50/R50 -> 0.4252586
B51: 魏炜 | C51: =C17 -> 164.29968 | D51: =D17 -> 0 | E51: =E17 -> 0 | F51: =F17 -> 0 | G51: =G17 -> 164.29968 | H51: =H17 -> 0 | I51: =I17 -> 0 | J51: =J17 -> 0 | ... O51: =O17 -> 0 | P51: 16506.728 | Q51: =C51/P51 -> 0.0099534977 | R51: 14701.078 | S51: =C51/R51 -> 0.011176029
B52: 销售四部 | C52: =C6+C29+C33+C30+C40 -> 139221.18 | D52: =D6+D29+D33+D30+D40 -> 9579.2616 | E52: =E6+E29+E33+E30+E40 -> 9201.6917 | F52: =F6+F29+F33+F30+F40 -> 12352.418 | G52: =G6+G29+G33+G30+G40 -> 7580.1738 | H52: =H6+H29+H33+H30+H40 -> 9947.2978 | I52: =I6+I29+I33+I30+I40 -> 10365.306 | J52: =J6+J29+J33+J30+J40 -> 13903.18 | ... M52: =M6+M29+M33+M30+M40 -> 9778.7572 | N52: =N6+N29+N33+N30 -> 11294.614 | O52: =O6+O29+O33+O30 -> 13081.423 | P52: 181000.08 | Q52: =C52/P52 -> 0.76917747 | R52: 151000.11 | S52: =C52/R52 -> 0.92199395
B53: 那冬 | C53: =C28+C32+C31+C38 -> 108704.5 | D53: =D28+D32+D31+D38 -> 5000.5943 | E53: =E28+E32+E31+E38 -> 5704.6501 | F53: =F28+F32+F31+F38 -> 4557.17 | G53: =G28+G32+G31+G38 -> 4325.2637 | H53: =H28+H32+H31+H38 -> 6121.6479 | I53: =I28+I32+I31+I38 -> 6818.8179 | J53: =J28+J32+J31+J38 -> 11412.983 | ... O53: =O28+O32+O31+O38 -> 4129.0849 | P53: 65000 | Q53: =C53/P53 -> 1.6723769 | R53: 49999.982 | S53: =C53/R53 -> 2.1740908
B54: 王琦 | C54: =C34+C35+C36+C41+C42 -> 1880.978 | D54: =D34+D35+D36+D41+D42 -> 164.12177 | E54: =E34+E35+E36+E41+E42 -> 512.37664 | F54: =F34+F35+F36+F41+F42 -> 660.19 | G54: =G34+G35+G36+G41+G42 -> 0 | H54: =H34+H35+H36+H41+H42 -> 0 | I54: =I34+I35+I36+I41+I42 -> 178.10735 | J54: =J34+J35+J36+J41+J42 -> 0 | ... M54: =M34+M35+M36+M41+M42 -> 0 | N54: =N34+N35+N36+N40+N41+N42 -> 524.54504 | O54: =O34+O35+O36+O40+O41+O42 -> 0 | P54: 11009.474 | Q54: =C54/P54 -> 0.17085085 | R54: 10001.419 | S54: =C54/R54 -> 0.18807111
B55: others | C55: =C39 -> 29904.951 | D55: =D39 -> 78.99815 | E55: =E39 -> 0 | F55: =F39 -> 0 | G55: =G39 -> 0 | H55: =H39 -> 328.31004 | I55: =I39 -> 1441.5354 | J55: =J39 -> 6432.2041 | ... O55: =O39 -> 6188.0288 | P55: 0 | R55: 0
B56: 合计 | C56: =SUM(C48:C55) -> 417096.72 | D56: =SUM(D48:D55) -> 25825.754 | E56: =SUM(E48:E55) -> 20298.077 | F56: =SUM(F48:F55) -> 27243.522 | G56: =SUM(G48:G55) -> 19367.918 | H56: =SUM(H48:H55) -> 25916.611 | I56: =SUM(I48:I55) -> 29144.099 | J56: =SUM(J48:J55) -> 47587.766 | ... P56: =SUM(P48:P55) -> 437033.72 | Q56: =C56/P56 -> 0.9543811 | R56: =SUM(R48:R55) -> 367709.9 | S56: =C56/R56 -> 1.1343092
B59: 客户 | C59: 1-12月 | D59: 1月份 | E59: 2月份 | F59: 3月份 | G59: 4月 | H59: 5月 | I59: 6月 | J59: 7月 | K59: 8月 | L59: 9月 | M59: 10月 | N59: 11月 | O59: 12月 | P59: 全年 | Q59: 偏差 | R59: 2024年数据 | S59: 增长率 | T59: 各业务预估占比
C60: 实际出货合计 | D60: 实际出货 | E60: 实际出货 | F60: 实际出货 | G60: 实际出货 | H60: 实际出货 | I60: 实际出货 | J60: 实际出货 | K60: 实际出货 | L60: 实际出货 | M60: 实际出货 | N60: 实际出货 | O60: 实际出货 | P60: 保底目标
B61: 汇总 | C61: =SUM(C62:C92) -> 417096.72 | D61: =SUM(D62:D92) -> 25825.754 | E61: =SUM(E62:E92) -> 20298.077 | F61: =SUM(F62:F92) -> 27243.522 | G61: =SUM(G62:G92) -> 19367.918 | H61: =SUM(H62:H92) -> 25916.611 | I61: =SUM(I62:I92) -> 29144.099 | J61: =SUM(J62:J92) -> 47587.766 | ... P61: =SUM(P62:P92) -> 367709.9 | Q61: =C61-P61 -> 49386.82 | R61: =SUM(R62:R67) -> 270731.13 | S61: =(C61-R61)/R61 -> 0.54063079
B62: ZTE | C62: =SUM(D62:O62) -> 107762.61 | D62: 6745.6604 | E62: 4867.1323 | F62: =F6 -> 6006.1922 | G62: =G6 -> 5213.5715 | H62: =H6 -> 8344.746 | I62: =I6 -> 8620.971 | J62: =J6 -> 9882.299 | K62: =K6 -> 9594.285 | L62: =L6 -> 15052.685 | M62: =M6 -> 9604.8149 | ... O62: =O6 -> 12677.789 | P62: 123850.18 | Q62: =C62-P62 -> -16087.567 | R62: 75882.882 | S62: =(C62-R62)/R62 -> 0.42011753 | T62: =C62/$C$61 -> 0.2583636
B63: HMD | C63: =SUM(D63:O63) -> 46476.768 | D63: 5561.0166 | E63: 3220.421 | F63: =F5 -> 3883.7571 | G63: =G5 -> 3271.9787 | H63: =H5 -> 3559.2678 | I63: =I5 -> 2596.6914 | J63: =J5 -> 3185.5075 | K63: =K5 -> 2427.4487 | L63: =L5 -> 3569.8814 | M63: =M5 -> 4004.002 | ... O63: =O5 -> 5678.7575 | P63: 65416.12 | Q63: =C63-P63 -> -18939.352 | R63: 80633.894 | S63: =(C63-R63)/R63 -> -0.42360754 | T63: =C63/$C$61 -> 0.11142923
B64: local | C64: =SUM(C7:C27) -> 90654.487 | D64: =SUM(D7:D27) -> 5441.7618 | E64: =SUM(E7:E27) -> 1658.9376 | F64: =SUM(F7:F27) -> 5789.9868 | G64: =SUM(G7:G27) -> 4190.502 | H64: =SUM(H7:H27) -> 5960.088 | I64: =SUM(I7:I27) -> 7743.6411 | J64: =SUM(J7:J27) -> 12400.04 | ... O64: =SUM(O7:O27) -> 4170.9429 | P64: 90242.275 | Q64: =C64-P64 -> 412.21183 | R64: 36786.379 | S64: =(C64-R64)/R64 -> 1.4643493 | T64: =C64/$C$61 -> 0.21734644
B65: 平板 | C65: =SUM(C28:C31) -> 109228.97 | D65: =SUM(D28:D31) -> 5988.9709 | E65: =SUM(E28:E31) -> 5954.2888 | F65: =SUM(F28:F31) -> 6827.8159 | G65: =SUM(G28:G31) -> 3698.7434 | H65: =SUM(H28:H31) -> 5612.3803 | I65: =SUM(I28:I31) -> 6409.438 | J65: =SUM(J28:J31) -> 10979.764 | ... O65: =SUM(O28:O31) -> 3425.7312 | P65: 61700.094 | Q65: =C65-P65 -> 47528.88 | R65: 51904.342 | S65: =(C65-R65)/R65 -> 1.1044284 | T65: =C65/$C$61 -> 0.26187924
B66: 共享 | C66: =SUM(C32:C34) -> 24232.629 | D66: =SUM(D32:D34) -> 2004.074 | E66: =SUM(E32:E34) -> 4438.9345 | F66: =SUM(F32:F34) -> 4596.87 | G66: =SUM(G32:G34) -> 2993.1227 | H66: =SUM(H32:H34) -> 2052.4432 | I66: =SUM(I32:I34) -> 1762.5198 | J66: =SUM(J32:J34) -> 2076.647 | ... O66: =SUM(O32:O34) -> 1106.9876 | P66: 16496.309 | Q66: =C66-P66 -> 7736.32 | R66: 16966.701 | S66: =(C66-R66)/R66 -> 0.42824631 | T66: =C66/$C$61 -> 0.058098344
B67: others AIOT | C67: =SUM(C35:C42) -> 38741.253 | D67: =SUM(D35:D42) -> 84.270504 | E67: =SUM(E35:E42) -> 158.36283 | F67: =SUM(F35:F42) -> 138.9 | G67: =SUM(G35:G42) -> 0 | H67: =SUM(H35:H42) -> 387.68614 | I67: =SUM(I35:I42) -> 2010.8374 | J67: =SUM(J35:J42) -> 9063.5086 | ... O67: =SUM(O35:O42) -> 6188.0288 | P67: 10004.925 | Q67: =C67-P67 -> 28736.327 | R67: 8556.9363 | S67: =(C67-R67)/R67 -> 3.5274677 | T67: =C67/$C$61 -> 0.092883139

Sheet Sheet2
A1: 类别 | B1: 2025年 | C1: 2025业务贡献度 | D1: 2024年 | E1: 2024业务贡献度 | F1: 增长额 | G1: 增长率 | H1: 业务贡献比变化
A2: ZTE | B2: 107762.61 | C2: =B2/$B$8 -> 0.2583636 | D2: 75882.882 | E2: =D2/$D$8 -> 0.28028871 | F2: =B2-D2 -> 31879.729 | G2: =F2/D2 -> 0.42011753 | H2: =C2-E2 -> -0.021925114
A3: HMD | B3: 46476.768 | C3: =B3/$B$8 -> 0.11142923 | D3: 80633.894 | E3: =D3/$D$8 -> 0.29783754 | F3: =B3-D3 -> -34157.125 | G3: =F3/D3 -> -0.42360754 | H3: =C3-E3 -> -0.1864083
A4: local | B4: 90654.487 | C4: =B4/$B$8 -> 0.21734644 | D4: 36786.379 | E4: =D4/$D$8 -> 0.1358779 | F4: =B4-D4 -> 53868.108 | G4: =F4/D4 -> 1.4643493 | H4: =C4-E4 -> 0.081468536
A5: 平板 | B5: 109228.97 | C5: =B5/$B$8 -> 0.26187924 | D5: 51904.342 | E5: =D5/$D$8 -> 0.19171915 | F5: =B5-D5 -> 57324.632 | G5: =F5/D5 -> 1.1044284 | H5: =C5-E5 -> 0.070160096
A6: 共享 | B6: 24232.629 | C6: =B6/$B$8 -> 0.058098344 | D6: 16966.701 | E6: =D6/$D$8 -> 0.062669931 | F6: =B6-D6 -> 7265.9272 | G6: =F6/D6 -> 0.42824631 | H6: =C6-E6 -> -0.0045715872
A7: others AIOT | B7: 38741.253 | C7: =B7/$B$8 -> 0.092883139 | D7: 8556.9363 | E7: =D7/$D$8 -> 0.031606769 | F7: =B7-D7 -> 30184.316 | G7: =F7/D7 -> 3.5274677 | H7: =C7-E7 -> 0.06127637
A8: 汇总 | B8: 417096.72 | D8: 270731.13 | F8: =B8-D8 -> 146365.59 | G8: =F8/D8 -> 0.54063079

Sheet Sheet3
A1: 区域 | B1: 出货金额
A2: 印度 | B2: 55902
A3: 美国 | B3: 13166
A4: 中东 | B4: 7102
A5: 拉美 | B5: 3534
A6: 孟加拉 | B6: 3189
A7: 南非 | B7: 2626
A8: 阿尔及利亚 | B8: 2138
A9: 巴基斯坦 | B9: 1724
A10: 越南 | B10: 814
A11: 肯尼亚 | B11: 376
A12: 瑞典 | B12: 86
B13: =SUM(B2:B12) -> 90657

Sheet 与年度目标对比
A2: 客户 | B2: 全年保底 | C2: 占比 | D2: Q1 | E2: Q1 | F2: 偏差 | G2: Q2 | H2: Q2 | I2: 偏差 | J2: Q3 | K2: Q3 | L2: 偏差 | M2: Q4 | O2: Q1+Q2+Q3 | P2: Q1+Q2+Q3 | Q2: 偏差 | R2: 年度目标完成率
B3: 目标分解 | D3: 目标分解 | E3: 实际达成 | G3: 目标分解 | H3: 计划 | J3: 目标分解 | K3: 计划 | M3: 目标分解 | O3: 目标分解 | P3: 实际&计划
A4: ZTE | B4: =B16 -> 123850.18 | C4: =B4/B15 -> 0.33681491 | D4: =C16 -> 18672.113 | E4: =D16 -> #REF! | F4: =E4-D4 -> #REF! | G4: =F16 -> 25162.182 | H4: ='2025数据'!C62+'2025数据'!#REF!-E4 -> #REF! | I4: =H4-G4 -> #REF! | J4: =I16 -> 42457.158 | K4: ='2025数据'!#REF!+'2025数据'!#REF!+'2025数据'!#REF! -> #REF! | L4: =K4-J4 -> #REF! | M4: =J16 -> 37558.725 | O4: =D4+G4+J4 -> 86291.453 | P4: =E4+H4+K4 -> #REF! | Q4: =P4-O4 -> #REF! | R4: =P4/B4 -> #REF!
A5: HMD | B5: =B17 -> 65416.12 | C5: =B5/367709.90128077 -> 0.17790144 | D5: =C17 -> 15695.4 | E5: =D17 -> #REF! | F5: =E5-D5 -> #REF! | G5: =F17 -> 15177.4 | H5: ='2025数据'!C63+'2025数据'!#REF!-E5 -> #REF! | I5: =H5-G5 -> #REF! | J5: =I17 -> 19693.8 | K5: ='2025数据'!#REF!+'2025数据'!#REF!+'2025数据'!#REF! -> #REF! | L5: =K5-J5 -> #REF! | M5: =J17 -> 14849.52 | O5: =D5+G5+J5 -> 50566.6 | P5: =E5+H5+K5 -> #REF! | Q5: =P5-O5 -> #REF! | R5: =P5/B5 -> #REF!
A6: local king 客户 | B6: =SUM(B18:B31) -> 86249.825 | C6: =B6/367709.90128077 -> 0.23455943 | D6: =SUM(C18:C31) -> 14273.819 | E6: =SUM(D18:D31) -> #REF! | F6: =E6-D6 -> #REF! | G6: =SUM(F18:F31) -> 19268.356 | H6: ='2025数据'!C64+'2025数据'!#REF!-E6 -> #REF! | I6: =H6-G6 -> #REF! | J6: =SUM(I18:I31) -> 25834.26 | K6: ='2025数据'!#REF!+'2025数据'!#REF!+'2025数据'!#REF! -> #REF! | L6: =K6-J6 -> #REF! | M6: =SUM(J18:J31) -> 26873.39 | O6: =D6+G6+J6 -> 59376.435 | P6: =E6+H6+K6 -> #REF! | Q6: =P6-O6 -> #REF! | R6: =P6/B6 -> #REF!
A7: 平板 | B7: =B32+B33+B35+B34 -> 61700.094 | C7: =B7/367709.90128077 -> 0.16779558 | D7: =C32+C33+C35+C34 -> 16877.753 | E7: =D32+D33+D35+D34 -> #REF! | F7: =E7-D7 -> #REF! | G7: =F32+F33+F35+F34 -> 14985.545 | H7: ='2025数据'!C65+'2025数据'!#REF!-E7 -> #REF! | I7: =H7-G7 -> #REF! | J7: =I32+I33+I35+I34 -> 15177.293 | K7: ='2025数据'!#REF!+'2025数据'!#REF!+'2025数据'!#REF! -> #REF! | L7: =K7-J7 -> #REF! | M7: =J32+J33+J35+J34 -> 14659.503 | O7: =D7+G7+J7 -> 47040.591 | P7: =E7+H7+K7 -> #REF! | Q7: =P7-O7 -> #REF! | R7: =P7/B7 -> #REF!
A8: 共享 | B8: =B36+B37+B38 -> 16496.309 | C8: =B8/367709.90128077 -> 0.044862291 | D8: =C36+C37+C38 -> 10370.151 | E8: =D36+D37+D38+D39 -> #REF! | F8: =E8-D8 -> #REF! | G8: =F36+F37+F38 -> 4634.5635 | H8: ='2025数据'!C66+'2025数据'!#REF!-E8 -> #REF! | I8: =H8-G8 -> #REF! | J8: =I36+I37+I38 -> 1303.4735 | K8: ='2025数据'!#REF!+'2025数据'!#REF!+'2025数据'!#REF! -> #REF! | L8: =K8-J8 -> #REF! | M8: =J36+J37+J38 -> 188.12018 | O8: =D8+G8+J8 -> 16308.188 | P8: =E8+H8+K8 -> #REF! | Q8: =P8-O8 -> #REF! | R8: =P8/B8 -> #REF!
A9: others | B9: =B42+B40+B41+B43+B44+B45+B46 -> 13997.375 | C9: =B9/367709.90128077 -> 0.038066354 | D9: =C42+C40+C41+C43+C44+C45+C46 -> 301.50982 | E9: =D42+D40+D41+D43+D44+D45+D46 -> #REF! | F9: =E9-D9 -> #REF! | G9: =F42+F40+F41+F43+F44+F45+F46 -> 2265.292 | H9: ='2025数据'!C67+'2025数据'!#REF!-E9 -> #REF! | I9: =H9-G9 -> #REF! | J9: =I42+I40+I41+I43+I44+I45+I46 -> 5130.4381 | K9: ='2025数据'!#REF!+'2025数据'!#REF!+'2025数据'!#REF! -> #REF! | L9: =K9-J9 -> #REF! | M9: =J42+J40+J41+J43+J44+J45+J46 -> 6300.1355 | O9: =D9+G9+J9 -> 7697.2399 | P9: =E9+H9+K9 -> #REF! | Q9: =P9-O9 -> #REF! | R9: =P9/B9 -> #REF!
A10: 合计 | B10: =SUM(B4:B9) -> 367709.9 | D10: =SUM(D4:D9) -> 76190.746 | E10: =SUM(E4:E9) -> #REF! | F10: =SUM(F4:F9) -> #REF! | G10: =SUM(G4:G9) -> 81493.338 | H10: =SUM(H4:H9) -> #REF! | I10: =SUM(I4:I9) -> #REF! | J10: =SUM(J4:J9) -> 109596.42 | K10: =SUM(K4:K9) -> #REF! | L10: =K10-J10 -> #REF! | M10: =SUM(M4:M9) -> 100429.39 | O10: =SUM(O4:O9) -> 267280.51 | P10: =SUM(P4:P9) -> #REF! | Q10: =P10-O10 -> #REF! | R10: =P10/B10 -> #REF!
D11: =D10/$B$10 -> 0.20720341 | E11: =E10/$B$10 -> #REF! | G11: =G10/$B$10 -> 0.221624 | H11: =H10/$B$10 -> #REF! | J11: =J10/$B$10 -> 0.29805132 | M11: =M10/$B$10 -> 0.27312127 | O11: =O10/$B$10 -> 0.72687873 | P11: =P10/$B$10 -> #REF!
A13: 客户 | B13: 全年保底 | C13: Q1 | D13: Q1 | E13: 偏差 | F13: Q2 | G13: Q2 | H13: 偏差 | I13: Q3 | J13: Q4 | M13: 目标分解占比 | N13: Q1完成占比 | O13: Q2计划占比
B14: 目标分解 | C14: 目标分解 | D14: 实际达成 | F14: 目标分解 | G14: 完成+计划 | I14: 目标分解 | J14: 目标分解
A15: 汇总 | B15: =SUM(B16:B46) -> 367709.9 | C15: =SUM(C16:C46) -> 76190.746 | D15: =SUM(D16:D46) -> #REF! | E15: =SUM(E16:E46) -> #REF! | F15: =SUM(F16:F46) -> 81493.338 | G15: =SUM(G16:G46) -> #REF! | H15: =SUM(H16:H46) -> #REF! | I15: =SUM(I16:I46) -> 109596.42 | J15: =SUM(J16:J46) -> 100429.39
A16: ZTE | B16: 123850.18 | C16: 18672.113 | D16: =VLOOKUP(A16,'2025数据'!B:D,5,0)+VLOOKUP(A16,'2025数据'!B:E,6,0)+VLOOKUP(A16,'2025数据'!B:O,7,0) -> #REF! | E16: =D16-C16 -> #REF! | F16: 25162.182 | G16: =VLOOKUP(A16,'2025数据'!B:O,18,0)+VLOOKUP(A16,'2025数据'!B:G,8,0)+VLOOKUP(A16,'2025数据'!B:O,17,0) -> #REF! | H16: =G16-F16 -> #REF! | I16: 42457.158 | J16: 37558.725
A17: HMD | B17: 65416.12 | C17: 15695.4 | D17: =VLOOKUP(A17,'2025数据'!B:D,5,0)+VLOOKUP(A17,'2025数据'!B:E,6,0)+VLOOKUP(A17,'2025数据'!B:O,7,0) -> #REF! | E17: =D17-C17 -> #REF! | F17: 15177.4 | G17: =VLOOKUP(A17,'2025数据'!B:O,18,0)+VLOOKUP(A17,'2025数据'!B:G,8,0)+VLOOKUP(A17,'2025数据'!B:O,17,0) -> #REF! | H17: =G17-F17 -> #REF! | I17: 19693.8 | J17: 14849.52
A18: BLU | B18: 5762.68 | C18: 2048.9 | D18: =VLOOKUP(A18,'2025数据'!B:D,5,0)+VLOOKUP(A18,'2025数据'!B:E,6,0)+VLOOKUP(A18,'2025数据'!B:O,7,0) -> #REF! | E18: =D18-C18 -> #REF! | F18: 1624.14 | G18: =VLOOKUP(A18,'2025数据'!B:O,18,0)+VLOOKUP(A18,'2025数据'!B:G,8,0)+VLOOKUP(A18,'2025数据'!B:O,17,0) -> #REF! | H18: =G18-F18 -> #REF! | I18: 1417.64 | J18: 672 | M18: =B18/$B$6 -> 0.066813817 | N18: =D18/$E$6 -> #REF! | O18: =G18/$H$6 -> #REF!
A19: LF | B19: 5635 | C19: 1820 | D19: =VLOOKUP(A19,'2025数据'!B:D,5,0)+VLOOKUP(A19,'2025数据'!B:E,6,0)+VLOOKUP(A19,'2025数据'!B:O,7,0) -> #REF! | E19: =D19-C19 -> #REF! | F19: 2450 | G19: =VLOOKUP(A19,'2025数据'!B:O,18,0)+VLOOKUP(A19,'2025数据'!B:G,8,0)+VLOOKUP(A19,'2025数据'!B:O,17,0) -> #REF! | H19: =G19-F19 -> #REF! | I19: 1050 | J19: 315 | M19: =B19/$B$6 -> 0.065333466 | N19: =D19/$E$6 -> #REF! | O19: =G19/$H$6 -> #REF!
A20: MC | B20: 4239.69 | C20: 791.28 | D20: =VLOOKUP(A20,'2025数据'!B:D,5,0)+VLOOKUP(A20,'2025数据'!B:E,6,0)+VLOOKUP(A20,'2025数据'!B:O,7,0) -> #REF! | E20: =D20-C20 -> #REF! | F20: 1176.28 | G20: =VLOOKUP(A20,'2025数据'!B:O,18,0)+VLOOKUP(A20,'2025数据'!B:G,8,0)+VLOOKUP(A20,'2025数据'!B:O,17,0) -> #REF! | H20: =G20-F20 -> #REF! | I20: 1561.28 | J20: 710.85 | M20: =B20/$B$6 -> 0.049155926 | N20: =D20/$E$6 -> #REF! | O20: =G20/$H$6 -> #REF!
A21: LT | B21: 2408 | C21: 0 | D21: =VLOOKUP(A21,'2025数据'!B:D,5,0)+VLOOKUP(A21,'2025数据'!B:E,6,0)+VLOOKUP(A21,'2025数据'!B:O,7,0) -> #N/A | E21: =D21-C21 -> #N/A | F21: 1204 | G21: =VLOOKUP(A21,'2025数据'!B:O,18,0)+VLOOKUP(A21,'2025数据'!B:G,8,0)+VLOOKUP(A21,'2025数据'!B:O,17,0) -> #N/A | H21: =G21-F21 -> #N/A | I21: 1204 | J21: 0 | M21: =B21/$B$6 -> 0.027918897 | N21: =D21/$E$6 -> #N/A | O21: =G21/$H$6 -> #N/A
A22: YTF | B22: 1540 | C22: 385 | D22: =VLOOKUP(A22,'2025数据'!B:D,5,0)+VLOOKUP(A22,'2025数据'!B:E,6,0)+VLOOKUP(A22,'2025数据'!B:O,7,0) -> #REF! | E22: =D22-C22 -> #REF! | F22: 770 | G22: =VLOOKUP(A22,'2025数据'!B:O,18,0)+VLOOKUP(A22,'2025数据'!B:G,8,0)+VLOOKUP(A22,'2025数据'!B:O,17,0) -> #REF! | H22: =G22-F22 -> #REF! | I22: 385 | J22: 0 | M22: =B22/$B$6 -> 0.017855109 | N22: =D22/$E$6 -> #REF! | O22: =G22/$H$6 -> #REF!
A23: LAVA | B23: 34974.1 | C23: 4483.5 | D23: =VLOOKUP(A23,'2025数据'!B:D,5,0)+VLOOKUP(A23,'2025数据'!B:E,6,0)+VLOOKUP(A23,'2025数据'!B:O,7,0) -> #REF! | E23: =D23-C23 -> #REF! | F23: 5087.6 | G23: =VLOOKUP(A23,'2025数据'!B:O,18,0)+VLOOKUP(A23,'2025数据'!B:G,8,0)+VLOOKUP(A23,'2025数据'!B:O,17,0) -> #REF! | H23: =G23-F23 -> #REF! | I23: 8687 | J23: 16716 | M23: =B23/$B$6 -> 0.40549763 | N23: =D23/$E$6 -> #REF! | O23: =G23/$H$6 -> #REF!
A24: SM | B24: 4631.2 | C24: 1311.1 | D24: =VLOOKUP(A24,'2025数据'!B:D,5,0)+VLOOKUP(A24,'2025数据'!B:E,6,0)+VLOOKUP(A24,'2025数据'!B:O,7,0) -> #REF! | E24: =D24-C24 -> #REF! | F24: 966 | G24: =VLOOKUP(A24,'2025数据'!B:O,18,0)+VLOOKUP(A24,'2025数据'!B:G,8,0)+VLOOKUP(A24,'2025数据'!B:O,17,0) -> #REF! | H24: =G24-F24 -> #REF! | I24: 1493.1 | J24: 861 | M24: =B24/$B$6 -> 0.053695181 | N24: =D24/$E$6 -> #REF! | O24: =G24/$H$6 -> #REF!
A25: MBC | B25: 3185.875 | C25: 1218.875 | D25: =VLOOKUP(A25,'2025数据'!B:D,5,0)+VLOOKUP(A25,'2025数据'!B:E,6,0)+VLOOKUP(A25,'2025数据'!B:O,7,0) -> #REF! | E25: =D25-C25 -> #REF! | F25: 861 | G25: =VLOOKUP(A25,'2025数据'!B:O,18,0)+VLOOKUP(A25,'2025数据'!B:G,8,0)+VLOOKUP(A25,'2025数据'!B:O,17,0) -> #REF! | H25: =G25-F25 -> #REF! | I25: 1106 | J25: 0 | M25: =B25/$B$6 -> 0.036937756 | N25: =D25/$E$6 -> #REF! | O25: =G25/$H$6 -> #REF!
A26: GDL | B26: 2128 | C26: 322 | D26: =VLOOKUP(A26,'2025数据'!B:D,5,0)+VLOOKUP(A26,'2025数据'!B:E,6,0)+VLOOKUP(A26,'2025数据'!B:O,7,0) -> #REF! | E26: =D26-C26 -> #REF! | F26: 322 | G26: =VLOOKUP(A26,'2025数据'!B:O,18,0)+VLOOKUP(A26,'2025数据'!B:G,8,0)+VLOOKUP(A26,'2025数据'!B:O,17,0) -> #REF! | H26: =G26-F26 -> #REF! | I26: 924 | J26: 560 | M26: =B26/$B$6 -> 0.024672514 | N26: =D26/$E$6 -> #REF! | O26: =G26/$H$6 -> #REF!
A27: Doro | B27: 84.28 | C27: 84.28 | D27: =VLOOKUP(A27,'2025数据'!B:D,5,0)+VLOOKUP(A27,'2025数据'!B:E,6,0)+VLOOKUP(A27,'2025数据'!B:O,7,0) -> #REF! | E27: =D27-C27 -> #REF! | F27: 0 | G27: =VLOOKUP(A27,'2025数据'!B:O,18,0)+VLOOKUP(A27,'2025数据'!B:G,8,0)+VLOOKUP(A27,'2025数据'!B:O,17,0) -> #REF! | H27: =G27-F27 -> #REF! | I27: 0 | J27: 0 | M27: =B27/$B$6 -> 0.0009771614 | N27: =D27/$E$6 -> #REF! | O27: =G27/$H$6 -> #REF!
A28: Wiko | B28: 9658.628 | C28: 305.312 | D28: =VLOOKUP(A28,'2025数据'!B:D,5,0)+VLOOKUP(A28,'2025数据'!B:E,6,0)+VLOOKUP(A28,'2025数据'!B:O,7,0) -> #REF! | E28: =D28-C28 -> #REF! | F28: 1844.836 | G28: =VLOOKUP(A28,'2025数据'!B:O,18,0)+VLOOKUP(A28,'2025数据'!B:G,8,0)+VLOOKUP(A28,'2025数据'!B:O,17,0) -> #REF! | H28: =G28-F28 -> #REF! | I28: 3561.74 | J28: 3946.74 | M28: =B28/$B$6 -> 0.11198432 | N28: =D28/$E$6 -> #REF! | O28: =G28/$H$6 -> #REF!
A29: TP | B29: 7096.8 | C29: 860 | D29: =VLOOKUP(A29,'2025数据'!B:D,5,0)+VLOOKUP(A29,'2025数据'!B:E,6,0)+VLOOKUP(A29,'2025数据'!B:O,7,0) -> #REF! | E29: =D29-C29 -> #REF! | F29: 1897 | G29: =VLOOKUP(A29,'2025数据'!B:O,18,0)+VLOOKUP(A29,'2025数据'!B:G,8,0)+VLOOKUP(A29,'2025数据'!B:O,17,0) -> #REF! | H29: =G29-F29 -> #REF! | I29: 2611 | J29: 1728.8 | M29: =B29/$B$6 -> 0.082281906 | N29: =D29/$E$6 -> #REF! | O29: =G29/$H$6 -> #REF!
... A31: AI | B31: 0 | C31: 0 | D31: =VLOOKUP(A31,'2025数据'!B:D,5,0)+VLOOKUP(A31,'2025数据'!B:E,6,0)+VLOOKUP(A31,'2025数据'!B:O,7,0) -> #REF! | E31: =D31-C31 -> #REF! | F31: 0 | G31: =VLOOKUP(A31,'2025数据'!B:O,18,0)+VLOOKUP(A31,'2025数据'!B:G,8,0)+VLOOKUP(A31,'2025数据'!B:O,17,0) -> #REF! | H31: =G31-F31 -> #REF! | I31: 0 | J31: 0 | M31: =B31/$B$6 -> 0 | N31: =D31/$E$6 -> #REF! | O31: =G31/$H$6 -> #REF!
A32: ZYB | B32: 40867.279 | C32: 11876.219 | D32: =VLOOKUP(A32,'2025数据'!B:D,5,0)+VLOOKUP(A32,'2025数据'!B:E,6,0)+VLOOKUP(A32,'2025数据'!B:O,7,0) -> #REF! | E32: =D32-C32 -> #REF! | F32: 9860.177 | G32: =VLOOKUP(A32,'2025数据'!B:O,18,0)+VLOOKUP(A32,'2025数据'!B:G,8,0)+VLOOKUP(A32,'2025数据'!B:O,17,0) -> #REF! | H32: =G32-F32 -> #REF! | I32: 9548.6726 | J32: 9582.2102
A33: Xiaodu | B33: 13281.934 | C33: 2809.3468 | D33: =VLOOKUP(A33,'2025数据'!B:D,5,0)+VLOOKUP(A33,'2025数据'!B:E,6,0)+VLOOKUP(A33,'2025数据'!B:O,7,0) -> #REF! | E33: =D33-C33 -> #REF! | F33: 3717.116 | G33: =VLOOKUP(A33,'2025数据'!B:O,18,0)+VLOOKUP(A33,'2025数据'!B:G,8,0)+VLOOKUP(A33,'2025数据'!B:O,17,0) -> #REF! | H33: =G33-F33 -> #REF! | I33: 3717.116 | J33: 3038.3549
A34: TAL | B34: 2550.832 | C34: 2192.187 | D34: =VLOOKUP(A34,'2025数据'!B:D,5,0)+VLOOKUP(A34,'2025数据'!B:E,6,0)+VLOOKUP(A34,'2025数据'!B:O,7,0) -> #REF! | E34: =D34-C34 -> #REF! | F34: 358.645 | G34: =VLOOKUP(A34,'2025数据'!B:O,18,0)+VLOOKUP(A34,'2025数据'!B:G,8,0)+VLOOKUP(A34,'2025数据'!B:O,17,0) -> #REF! | H34: =G34-F34 -> #REF! | I34: 0 | J34: 0
A35: KK | B35: 5000.0496 | C35: 0 | D35: 0 | E35: =D35-C35 -> 0 | F35: 1049.6071 | G35: =VLOOKUP(A35,'2025数据'!B:O,18,0)+VLOOKUP(A35,'2025数据'!B:G,8,0)+VLOOKUP(A35,'2025数据'!B:O,17,0) -> #REF! | H35: =G35-F35 -> #REF! | I35: 1911.5044 | J35: 2038.9381
A36: MT | B36: 11317.162 | C36: 7057.4892 | D36: =VLOOKUP(A36,'2025数据'!B:D,5,0)+VLOOKUP(A36,'2025数据'!B:E,6,0)+VLOOKUP(A36,'2025数据'!B:O,7,0) -> #REF! | E36: =D36-C36 -> #REF! | F36: 3187.1726 | G36: =VLOOKUP(A36,'2025数据'!B:O,18,0)+VLOOKUP(A36,'2025数据'!B:G,8,0)+VLOOKUP(A36,'2025数据'!B:O,17,0) -> #REF! | H36: =G36-F36 -> #REF! | I36: 1072.5 | J36: 0
A37: Didi | B37: 4132.653 | C37: 2266.1685 | D37: =VLOOKUP(A37,'2025数据'!B:D,5,0)+VLOOKUP(A37,'2025数据'!B:E,6,0)+VLOOKUP(A37,'2025数据'!B:O,7,0) -> #REF! | E37: =D37-C37 -> #REF! | F37: 1447.3909 | G37: =VLOOKUP(A37,'2025数据'!B:O,18,0)+VLOOKUP(A37,'2025数据'!B:G,8,0)+VLOOKUP(A37,'2025数据'!B:O,17,0) -> #REF! | H37: =G37-F37 -> #REF! | I37: 230.97345 | J37: 188.12018
A38: 哈啰 | B38: 1046.4938 | C38: 1046.4938 | D38: =VLOOKUP(A38,'2025数据'!B:D,5,0)+VLOOKUP(A38,'2025数据'!B:E,6,0)+VLOOKUP(A38,'2025数据'!B:O,7,0) -> #REF! | E38: =D38-C38 -> #REF! | F38: 0 | G38: =VLOOKUP(A38,'2025数据'!B:O,18,0)+VLOOKUP(A38,'2025数据'!B:G,8,0)+VLOOKUP(A38,'2025数据'!B:O,17,0) -> #REF! | H38: =G38-F38 -> #REF! | I38: 0 | J38: 0
A39: MY | B39: 0 | C39: 0 | D39: =VLOOKUP(A39,'2025数据'!B:D,5,0)+VLOOKUP(A39,'2025数据'!B:E,6,0)+VLOOKUP(A39,'2025数据'!B:O,7,0) -> #REF! | E39: =D39-C39 -> #REF! | F39: 0 | G39: =VLOOKUP(A39,'2025数据'!B:O,18,0)+VLOOKUP(A39,'2025数据'!B:G,8,0)+VLOOKUP(A39,'2025数据'!B:O,17,0) -> #REF! | H39: =G39-F39 -> #REF! | I39: 0 | J39: 0
A40: 新客户-Sherman | B40: 3992.45 | C40: 0 | D40: 0 | E40: =D40-C40 -> 0 | F40: 0 | G40: 0 | H40: =G40-F40 -> 0 | I40: 1732.5 | J40: 2259.95
A41: 日本MNVO | B41: 1050 | C41: 0 | D41: 0 | E41: =D41-C41 -> 0 | F41: 0 | G41: 0 | H41: =G41-F41 -> 0 | I41: 0 | J41: 1050
A42: TX | B42: 8664.742 | C42: 11.32646 | D42: =VLOOKUP(A42,'2025数据'!B:D,5,0)+VLOOKUP(A42,'2025数据'!B:E,6,0)+VLOOKUP(A42,'2025数据'!B:O,7,0) -> #REF! | E42: =D42-C42 -> #REF! | F42: 2265.292 | G42: =VLOOKUP(A42,'2025数据'!B:O,18,0)+VLOOKUP(A42,'2025数据'!B:G,8,0)+VLOOKUP(A42,'2025数据'!B:O,17,0) -> #REF! | H42: =G42-F42 -> #REF! | I42: 3397.9381 | J42: 2990.1855
A43: 巨鼎 | B43: 160.09487 | C43: 160.09487 | D43: =VLOOKUP(A43,'2025数据'!B:D,5,0)+VLOOKUP(A43,'2025数据'!B:E,6,0)+VLOOKUP(A43,'2025数据'!B:O,7,0) -> #REF! | E43: =D43-C43 -> #REF! | F43: 0 | G43: =VLOOKUP(A43,'2025数据'!B:O,18,0)+VLOOKUP(A43,'2025数据'!B:G,8,0)+VLOOKUP(A43,'2025数据'!B:O,17,0) -> #REF! | H43: =G43-F43 -> #REF! | I43: 0 | J43: 0
A44: 德卡 | B44: 130.0885 | C44: 130.0885 | D44: =VLOOKUP(A44,'2025数据'!B:D,5,0)+VLOOKUP(A44,'2025数据'!B:E,6,0)+VLOOKUP(A44,'2025数据'!B:O,7,0) -> #REF! | E44: =D44-C44 -> #REF! | F44: 0 | G44: =VLOOKUP(A44,'2025数据'!B:O,18,0)+VLOOKUP(A44,'2025数据'!B:G,8,0)+VLOOKUP(A44,'2025数据'!B:O,17,0) -> #REF! | H44: =G44-F44 -> #REF! | I44: 0 | J44: 0
A45: Webin | B45: 0 | C45: 0 | D45: =VLOOKUP(A45,'2025数据'!B:D,5,0)+VLOOKUP(A45,'2025数据'!B:E,6,0)+VLOOKUP(A45,'2025数据'!B:O,7,0) -> #REF! | E45: =D45-C45 -> #REF! | F45: 0 | G45: =VLOOKUP(A45,'2025数据'!B:O,18,0)+VLOOKUP(A45,'2025数据'!B:G,8,0)+VLOOKUP(A45,'2025数据'!B:O,17,0) -> #REF! | H45: =G45-F45 -> #REF! | I45: 0 | J45: 0
A46: 天猫 | B46: 0 | C46: 0 | D46: =VLOOKUP(A46,'2025数据'!B:D,5,0)+VLOOKUP(A46,'2025数据'!B:E,6,0)+VLOOKUP(A46,'2025数据'!B:O,7,0) -> #REF! | E46: =D46-C46 -> #REF! | F46: 0 | G46: =VLOOKUP(A46,'2025数据'!B:O,18,0)+VLOOKUP(A46,'2025数据'!B:G,8,0)+VLOOKUP(A46,'2025数据'!B:O,17,0) -> #REF! | H46: =G46-F46 -> #REF! | I46: 0 | J46: 0
A48: 销售人员 | B48: 全年保底 | C48: Q1 | D48: Q1 | E48: 偏差 | F48: Q2 | G48: Q2 | H48: 偏差 | I48: Q3 | J48: Q4
B49: 目标分解 | C49: 目标分解 | D49: 实际 | F49: 目标分解 | G49: 实际+计划 | I49: 目标分解 | J49: 目标分解
A50: 戴明星 | B50: 85001.49 | C50: 20740.58 | D50: =VLOOKUP(A50,'2025数据'!B:D,5,0)+VLOOKUP(A50,'2025数据'!B:E,6,0)+VLOOKUP(A50,'2025数据'!B:O,7,0) -> #REF! | E50: =D50-C50 -> #REF! | F50: 22401.82 | G50: =VLOOKUP(A50,'2025数据'!B:O,18,0)+VLOOKUP(A50,'2025数据'!B:G,8,0)+VLOOKUP(A50,'2025数据'!B:O,17,0) -> #REF! | H50: =G50-F50 -> #REF! | I50: 25311.72 | J50: 16547.37
A51: 胡凤 | B51: 45003.455 | C51: 7419.755 | D51: =VLOOKUP(A51,'2025数据'!B:D,5,0)+VLOOKUP(A51,'2025数据'!B:E,6,0)+VLOOKUP(A51,'2025数据'!B:O,7,0) -> #REF! | E51: =D51-C51 -> #REF! | F51: 7236.6 | G51: =VLOOKUP(A51,'2025数据'!B:O,18,0)+VLOOKUP(A51,'2025数据'!B:G,8,0)+VLOOKUP(A51,'2025数据'!B:O,17,0) -> #REF! | H51: =G51-F51 -> #REF! | I51: 12210.1 | J51: 18137
A52: 孙浩 | B52: 12002.372 | C52: 1503.572 | D52: =VLOOKUP(A52,'2025数据'!B:D,5,0)+VLOOKUP(A52,'2025数据'!B:E,6,0)+VLOOKUP(A52,'2025数据'!B:O,7,0) -> #REF! | E52: =D52-C52 -> #REF! | F52: 2962.5 | G52: =VLOOKUP(A52,'2025数据'!B:O,18,0)+VLOOKUP(A52,'2025数据'!B:G,8,0)+VLOOKUP(A52,'2025数据'!B:O,17,0) -> #REF! | H52: =G52-F52 -> #REF! | I52: 4444.5 | J52: 3091.8
A53: 魏炜 | B53: 14701.078 | C53: 305.312 | D53: =VLOOKUP(A53,'2025数据'!B:D,5,0)+VLOOKUP(A53,'2025数据'!B:E,6,0)+VLOOKUP(A53,'2025数据'!B:O,7,0) -> #REF! | E53: =D53-C53 -> #REF! | F53: 1844.836 | G53: =VLOOKUP(A53,'2025数据'!B:O,18,0)+VLOOKUP(A53,'2025数据'!B:G,8,0)+VLOOKUP(A53,'2025数据'!B:O,17,0) -> #REF! | H53: =G53-F53 -> #REF! | I53: 5294.24 | J53: 7256.69
A54: 于聪志 | B54: 151000.11 | C54: 30731.136 | D54: =VLOOKUP(A54,'2025数据'!B:D,5,0)+VLOOKUP(A54,'2025数据'!B:E,6,0)+VLOOKUP(A54,'2025数据'!B:O,7,0) -> #N/A | E54: =D54-C54 -> #N/A | F54: 32425.115 | G54: =VLOOKUP(A54,'2025数据'!B:O,18,0)+VLOOKUP(A54,'2025数据'!B:G,8,0)+VLOOKUP(A54,'2025数据'!B:O,17,0) -> #N/A | H54: =G54-F54 -> #N/A | I54: 47246.774 | J54: 40597.08
A55: 那冬 | B55: 49999.982 | C55: 14142.388 | D55: =VLOOKUP(A55,'2025数据'!B:D,5,0)+VLOOKUP(A55,'2025数据'!B:E,6,0)+VLOOKUP(A55,'2025数据'!B:O,7,0) -> #REF! | E55: =D55-C55 -> #REF! | F55: 12357.175 | G55: =VLOOKUP(A55,'2025数据'!B:O,18,0)+VLOOKUP(A55,'2025数据'!B:G,8,0)+VLOOKUP(A55,'2025数据'!B:O,17,0) -> #REF! | H55: =G55-F55 -> #REF! | I55: 11691.15 | J55: 11809.268
A56: 王琦 | B56: 10001.419 | C56: 1348.0036 | D56: =VLOOKUP(A56,'2025数据'!B:D,5,0)+VLOOKUP(A56,'2025数据'!B:E,6,0)+VLOOKUP(A56,'2025数据'!B:O,7,0) -> #REF! | E56: =D56-C56 -> #REF! | F56: 2265.292 | G56: =VLOOKUP(A56,'2025数据'!B:O,18,0)+VLOOKUP(A56,'2025数据'!B:G,8,0)+VLOOKUP(A56,'2025数据'!B:O,17,0) -> #REF! | H56: =G56-F56 -> #REF! | I56: 3397.9381 | J56: 2990.1855
A57: 合计 | B57: =SUM(B50:B56) -> 367709.9 | C57: =SUM(C50:C56) -> 76190.746 | D57: =SUM(D50:D56) -> #REF! | E57: =SUM(E50:E56) -> #REF! | F57: =SUM(F50:F56) -> 81493.338 | G57: =SUM(G50:G56) -> #REF! | H57: =SUM(H50:H56) -> #REF! | I57: =SUM(I50:I56) -> 109596.42 | J57: =SUM(J50:J56) -> 100429.39
A61: 客户 | B61: 全年冲刺 | C61: Q1 | D61: Q1 | E61: 偏差 | F61: Q2 | G61: Q2 | H61: 偏差 | I61: Q3 | J61: Q4
B62: 目标分解 | C62: 目标分解 | D62: 实际 | F62: 目标分解 | G62: 实际+计划 | I62: 目标分解 | J62: 目标分解
A63: 汇总 | B63: =SUM(B64:B95) -> 437033.72 | C63: =SUM(C64:C95) -> 75303.846 | D63: =SUM(D64:D95) -> #REF! | E63: =SUM(E64:E95) -> #REF! | F63: =SUM(F64:F95) -> 90280.675 | G63: =SUM(G64:G95) -> #REF! | H63: =SUM(H64:H95) -> #REF! | I63: =SUM(I64:I95) -> 123463.62 | J63: =SUM(J64:J95) -> 147985.58
A64: ZTE | B64: 153850.15 | C64: 18672.113 | D64: =VLOOKUP(A64,'2025数据'!B:D,5,0)+VLOOKUP(A64,'2025数据'!B:E,6,0)+VLOOKUP(A64,'2025数据'!B:O,7,0) -> #REF! | E64: =D64-C64 -> #REF! | F64: 25162.182 | G64: =VLOOKUP(A64,'2025数据'!B:O,18,0)+VLOOKUP(A64,'2025数据'!B:G,8,0)+VLOOKUP(A64,'2025数据'!B:O,17,0) -> #REF! | H64: =G64-F64 -> #REF! | I64: 42457.158 | J64: 67558.7
A65: HMD | B65: 67918.9 | C65: 12869.5 | D65: =VLOOKUP(A65,'2025数据'!B:D,5,0)+VLOOKUP(A65,'2025数据'!B:E,6,0)+VLOOKUP(A65,'2025数据'!B:O,7,0) -> #REF! | E65: =D65-C65 -> #REF! | F65: 18431 | G65: =VLOOKUP(A65,'2025数据'!B:O,18,0)+VLOOKUP(A65,'2025数据'!B:G,8,0)+VLOOKUP(A65,'2025数据'!B:O,17,0) -> #REF! | H65: =G65-F65 -> #REF! | I65: 20746.6 | J65: 15871.8
A66: BLU | B66: 9010.96 | C66: 2048.9 | D66: =VLOOKUP(A66,'2025数据'!B:D,5,0)+VLOOKUP(A66,'2025数据'!B:E,6,0)+VLOOKUP(A66,'2025数据'!B:O,7,0) -> #REF! | E66: =D66-C66 -> #REF! | F66: 3802.54 | G66: =VLOOKUP(A66,'2025数据'!B:O,18,0)+VLOOKUP(A66,'2025数据'!B:G,8,0)+VLOOKUP(A66,'2025数据'!B:O,17,0) -> #REF! | H66: =G66-F66 -> #REF! | I66: 2823.52 | J66: 336
A67: LF | B67: 8778 | C67: 2555 | D67: =VLOOKUP(A67,'2025数据'!B:D,5,0)+VLOOKUP(A67,'2025数据'!B:E,6,0)+VLOOKUP(A67,'2025数据'!B:O,7,0) -> #REF! | E67: =D67-C67 -> #REF! | F67: 3542 | G67: =VLOOKUP(A67,'2025数据'!B:O,18,0)+VLOOKUP(A67,'2025数据'!B:G,8,0)+VLOOKUP(A67,'2025数据'!B:O,17,0) -> #REF! | H67: =G67-F67 -> #REF! | I67: 1869 | J67: 812
A68: LT | B68: 6580 | C68: 1204 | D68: =VLOOKUP(A68,'2025数据'!B:D,5,0)+VLOOKUP(A68,'2025数据'!B:E,6,0)+VLOOKUP(A68,'2025数据'!B:O,7,0) -> #N/A | E68: =D68-C68 -> #N/A | F68: 2114 | G68: =VLOOKUP(A68,'2025数据'!B:O,18,0)+VLOOKUP(A68,'2025数据'!B:G,8,0)+VLOOKUP(A68,'2025数据'!B:O,17,0) -> #N/A | H68: =G68-F68 -> #N/A | I68: 2716 | J68: 546
A69: MC | B69: 5170.55 | C69: 791.28 | D69: =VLOOKUP(A69,'2025数据'!B:D,5,0)+VLOOKUP(A69,'2025数据'!B:E,6,0)+VLOOKUP(A69,'2025数据'!B:O,7,0) -> #REF! | E69: =D69-C69 -> #REF! | F69: 1176.28 | G69: =VLOOKUP(A69,'2025数据'!B:O,18,0)+VLOOKUP(A69,'2025数据'!B:G,8,0)+VLOOKUP(A69,'2025数据'!B:O,17,0) -> #REF! | H69: =G69-F69 -> #REF! | I69: 2352.56 | J69: 850.43
A70: YTF | B70: 2548 | C70: 385 | D70: =VLOOKUP(A70,'2025数据'!B:D,5,0)+VLOOKUP(A70,'2025数据'!B:E,6,0)+VLOOKUP(A70,'2025数据'!B:O,7,0) -> #REF! | E70: =D70-C70 -> #REF! | F70: 1106 | G70: =VLOOKUP(A70,'2025数据'!B:O,18,0)+VLOOKUP(A70,'2025数据'!B:G,8,0)+VLOOKUP(A70,'2025数据'!B:O,17,0) -> #REF! | H70: =G70-F70 -> #REF! | I70: 1057 | J70: 0
A71: LAVA | B71: 39977.7 | C71: 4483.5 | D71: =VLOOKUP(A71,'2025数据'!B:D,5,0)+VLOOKUP(A71,'2025数据'!B:E,6,0)+VLOOKUP(A71,'2025数据'!B:O,7,0) -> #REF! | E71: =D71-C71 -> #REF! | F71: 5080.6 | G71: =VLOOKUP(A71,'2025数据'!B:O,18,0)+VLOOKUP(A71,'2025数据'!B:G,8,0)+VLOOKUP(A71,'2025数据'!B:O,17,0) -> #REF! | H71: =G71-F71 -> #REF! | I71: 11531.8 | J71: 18881.8
A72: SM | B72: 4631.2 | C72: 1311.1 | D72: =VLOOKUP(A72,'2025数据'!B:D,5,0)+VLOOKUP(A72,'2025数据'!B:E,6,0)+VLOOKUP(A72,'2025数据'!B:O,7,0) -> #REF! | E72: =D72-C72 -> #REF! | F72: 966 | G72: =VLOOKUP(A72,'2025数据'!B:O,18,0)+VLOOKUP(A72,'2025数据'!B:G,8,0)+VLOOKUP(A72,'2025数据'!B:O,17,0) -> #REF! | H72: =G72-F72 -> #REF! | I72: 1493.1 | J72: 861
A73: MBC | B73: 3185.875 | C73: 1218.875 | D73: =VLOOKUP(A73,'2025数据'!B:D,5,0)+VLOOKUP(A73,'2025数据'!B:E,6,0)+VLOOKUP(A73,'2025数据'!B:O,7,0) -> #REF! | E73: =D73-C73 -> #REF! | F73: 861 | G73: =VLOOKUP(A73,'2025数据'!B:O,18,0)+VLOOKUP(A73,'2025数据'!B:G,8,0)+VLOOKUP(A73,'2025数据'!B:O,17,0) -> #REF! | H73: =G73-F73 -> #REF! | I73: 1106 | J73: 0
A74: GDL | B74: 2128 | C74: 322 | D74: =VLOOKUP(A74,'2025数据'!B:D,5,0)+VLOOKUP(A74,'2025数据'!B:E,6,0)+VLOOKUP(A74,'2025数据'!B:O,7,0) -> #REF! | E74: =D74-C74 -> #REF! | F74: 322 | G74: =VLOOKUP(A74,'2025数据'!B:O,18,0)+VLOOKUP(A74,'2025数据'!B:G,8,0)+VLOOKUP(A74,'2025数据'!B:O,17,0) -> #REF! | H74: =G74-F74 -> #REF! | I74: 924 | J74: 560
A75: AI | B75: 0 | C75: 0 | D75: =VLOOKUP(A75,'2025数据'!B:D,5,0)+VLOOKUP(A75,'2025数据'!B:E,6,0)+VLOOKUP(A75,'2025数据'!B:O,7,0) -> #REF! | E75: =D75-C75 -> #REF! | F75: 0 | G75: =VLOOKUP(A75,'2025数据'!B:O,18,0)+VLOOKUP(A75,'2025数据'!B:G,8,0)+VLOOKUP(A75,'2025数据'!B:O,17,0) -> #REF! | H75: =G75-F75 -> #REF! | I75: 0 | J75: 0
... A81: Xiaodu | B81: 13281.934 | C81: 2809.3468 | D81: =VLOOKUP(A81,'2025数据'!B:D,5,0)+VLOOKUP(A81,'2025数据'!B:E,6,0)+VLOOKUP(A81,'2025数据'!B:O,7,0) -> #REF! | E81: =D81-C81 -> #REF! | F81: 3717.116 | G81: =VLOOKUP(A81,'2025数据'!B:O,18,0)+VLOOKUP(A81,'2025数据'!B:G,8,0)+VLOOKUP(A81,'2025数据'!B:O,17,0) -> #REF! | H81: =G81-F81 -> #REF! | I81: 3717.116 | J81: 3038.3549
A82: NEW | B82: 10296.88 | C82: 0 | D82: 0 | E82: =D82-C82 -> 0 | F82: 0 | G82: 0 | H82: =G82-F82 -> 0 | I82: 2574.2199 | J82: 7722.6598
A83: KK | B83: 6371.6814 | C83: 0 | D83: 0 | E83: =D83-C83 -> 0 | F83: 1941.6425 | G83: =VLOOKUP(A83,'2025数据'!B:O,18,0)+VLOOKUP(A83,'2025数据'!B:G,8,0)+VLOOKUP(A83,'2025数据'!B:O,17,0) -> #REF! | H83: =G83-F83 -> #REF! | I83: 1911.5044 | J83: 2518.5345
A84: TAL | B84: 2550.832 | C84: 2192.187 | D84: =VLOOKUP(A84,'2025数据'!B:D,5,0)+VLOOKUP(A84,'2025数据'!B:E,6,0)+VLOOKUP(A84,'2025数据'!B:O,7,0) -> #REF! | E84: =D84-C84 -> #REF! | F84: 358.645 | G84: =VLOOKUP(A84,'2025数据'!B:O,18,0)+VLOOKUP(A84,'2025数据'!B:G,8,0)+VLOOKUP(A84,'2025数据'!B:O,17,0) -> #REF! | H84: =G84-F84 -> #REF! | I84: 0 | J84: 0
A85: MT | B85: 11317.162 | C85: 7057.4892 | D85: =VLOOKUP(A85,'2025数据'!B:D,5,0)+VLOOKUP(A85,'2025数据'!B:E,6,0)+VLOOKUP(A85,'2025数据'!B:O,7,0) -> #REF! | E85: =D85-C85 -> #REF! | F85: 3187.1726 | G85: =VLOOKUP(A85,'2025数据'!B:O,18,0)+VLOOKUP(A85,'2025数据'!B:G,8,0)+VLOOKUP(A85,'2025数据'!B:O,17,0) -> #REF! | H85: =G85-F85 -> #REF! | I85: 1072.5 | J85: 0
A86: Didi | B86: 4132.653 | C86: 2266.1685 | D86: =VLOOKUP(A86,'2025数据'!B:D,5,0)+VLOOKUP(A86,'2025数据'!B:E,6,0)+VLOOKUP(A86,'2025数据'!B:O,7,0) -> #REF! | E86: =D86-C86 -> #REF! | F86: 1447.3909 | G86: =VLOOKUP(A86,'2025数据'!B:O,18,0)+VLOOKUP(A86,'2025数据'!B:G,8,0)+VLOOKUP(A86,'2025数据'!B:O,17,0) -> #REF! | H86: =G86-F86 -> #REF! | I86: 230.97345 | J86: 188.12018
A87: 哈啰 | B87: 1046.4938 | C87: 1046.4938 | D87: =VLOOKUP(A87,'2025数据'!B:D,5,0)+VLOOKUP(A87,'2025数据'!B:E,6,0)+VLOOKUP(A87,'2025数据'!B:O,7,0) -> #REF! | E87: =D87-C87 -> #REF! | F87: 0 | G87: =VLOOKUP(A87,'2025数据'!B:O,18,0)+VLOOKUP(A87,'2025数据'!B:G,8,0)+VLOOKUP(A87,'2025数据'!B:O,17,0) -> #REF! | H87: =G87-F87 -> #REF! | I87: 0 | J87: 0
A88: MY | B88: 0 | C88: 0 | D88: =VLOOKUP(A88,'2025数据'!B:D,5,0)+VLOOKUP(A88,'2025数据'!B:E,6,0)+VLOOKUP(A88,'2025数据'!B:O,7,0) -> #REF! | E88: =D88-C88 -> #REF! | F88: 0 | G88: =VLOOKUP(A88,'2025数据'!B:O,18,0)+VLOOKUP(A88,'2025数据'!B:G,8,0)+VLOOKUP(A88,'2025数据'!B:O,17,0) -> #REF! | H88: =G88-F88 -> #REF! | I88: 0 | J88: 0
A89: 新客户-Sherman | B89: 4373.6 | C89: 0 | D89: 0 | E89: =D89-C89 -> 0 | F89: 0 | G89: 0 | H89: =G89-F89 -> 0 | I89: 1732.5 | J89: 2641.1
A90: 日本MNVO | B90: 1050 | C90: 0 | D90: 0 | E90: =D90-C90 -> 0 | F90: 0 | G90: 0 | H90: =G90-F90 -> 0 | I90: 0 | J90: 1050
A91: 巨鼎 | B91: 160.09487 | C91: 160.09487 | D91: =VLOOKUP(A91,'2025数据'!B:D,5,0)+VLOOKUP(A91,'2025数据'!B:E,6,0)+VLOOKUP(A91,'2025数据'!B:O,7,0) -> #REF! | E91: =D91-C91 -> #REF! | F91: 0 | G91: =VLOOKUP(A91,'2025数据'!B:O,18,0)+VLOOKUP(A91,'2025数据'!B:G,8,0)+VLOOKUP(A91,'2025数据'!B:O,17,0) -> #REF! | H91: =G91-F91 -> #REF! | I91: 0 | J91: 0
A92: 德卡 | B92: 130.0885 | C92: 130.0885 | D92: =VLOOKUP(A92,'2025数据'!B:D,5,0)+VLOOKUP(A92,'2025数据'!B:E,6,0)+VLOOKUP(A92,'2025数据'!B:O,7,0) -> #REF! | E92: =D92-C92 -> #REF! | F92: 0 | G92: =VLOOKUP(A92,'2025数据'!B:O,18,0)+VLOOKUP(A92,'2025数据'!B:G,8,0)+VLOOKUP(A92,'2025数据'!B:O,17,0) -> #REF! | H92: =G92-F92 -> #REF! | I92: 0 | J92: 0
A93: Webin | B93: 0 | C93: 0 | D93: =VLOOKUP(A93,'2025数据'!B:D,5,0)+VLOOKUP(A93,'2025数据'!B:E,6,0)+VLOOKUP(A93,'2025数据'!B:O,7,0) -> #REF! | E93: =D93-C93 -> #REF! | F93: 0 | G93: =VLOOKUP(A93,'2025数据'!B:O,18,0)+VLOOKUP(A93,'2025数据'!B:G,8,0)+VLOOKUP(A93,'2025数据'!B:O,17,0) -> #REF! | H93: =G93-F93 -> #REF! | I93: 0 | J93: 0
A94: 天猫 | B94: 0 | C94: 0 | D94: =VLOOKUP(A94,'2025数据'!B:D,5,0)+VLOOKUP(A94,'2025数据'!B:E,6,0)+VLOOKUP(A94,'2025数据'!B:O,7,0) -> #REF! | E94: =D94-C94 -> #REF! | F94: 0 | G94: =VLOOKUP(A94,'2025数据'!B:O,18,0)+VLOOKUP(A94,'2025数据'!B:G,8,0)+VLOOKUP(A94,'2025数据'!B:O,17,0) -> #REF! | H94: =G94-F94 -> #REF! | I94: 0 | J94: 0
A95: TX | B95: 9672.797 | C95: 11.32646 | D95: =VLOOKUP(A95,'2025数据'!B:D,5,0)+VLOOKUP(A95,'2025数据'!B:E,6,0)+VLOOKUP(A95,'2025数据'!B:O,7,0) -> #REF! | E95: =D95-C95 -> #REF! | F95: 2265.292 | G95: =VLOOKUP(A95,'2025数据'!B:O,18,0)+VLOOKUP(A95,'2025数据'!B:G,8,0)+VLOOKUP(A95,'2025数据'!B:O,17,0) -> #REF! | H95: =G95-F95 -> #REF! | I95: 3397.9381 | J95: 3998.2404
A98: 销售人员 | B98: 全年冲刺 | C98: Q1 | D98: Q1 | E98: 偏差 | F98: Q2 | G98: Q2 | H98: 偏差 | I98: Q3 | J98: Q4
B99: 目标分解 | C99: 目标分解 | D99: 实际 | F99: 目标分解 | G99: 实际+计划 | I99: 目标分解 | J99: 目标分解
A100: 戴明星 | B100: 100006.41 | C100: 19853.68 | D100: =VLOOKUP(A100,'2025数据'!B:D,5,0)+VLOOKUP(A100,'2025数据'!B:E,6,0)+VLOOKUP(A100,'2025数据'!B:O,7,0) -> #REF! | E100: =D100-C100 -> #REF! | F100: 30171.82 | G100: =VLOOKUP(A100,'2025数据'!B:O,18,0)+VLOOKUP(A100,'2025数据'!B:G,8,0)+VLOOKUP(A100,'2025数据'!B:O,17,0) -> #REF! | H100: =G100-F100 -> #REF! | I100: 31564.68 | J100: 18416.23
A101: 胡凤 | B101: 50007.055 | C101: 7419.755 | D101: =VLOOKUP(A101,'2025数据'!B:D,5,0)+VLOOKUP(A101,'2025数据'!B:E,6,0)+VLOOKUP(A101,'2025数据'!B:O,7,0) -> #REF! | E101: =D101-C101 -> #REF! | F101: 7229.6 | G101: =VLOOKUP(A101,'2025数据'!B:O,18,0)+VLOOKUP(A101,'2025数据'!B:G,8,0)+VLOOKUP(A101,'2025数据'!B:O,17,0) -> #REF! | H101: =G101-F101 -> #REF! | I101: 15054.9 | J101: 20302.8
A102: 孙浩 | B102: 13503.972 | C102: 1503.572 | D102: =VLOOKUP(A102,'2025数据'!B:D,5,0)+VLOOKUP(A102,'2025数据'!B:E,6,0)+VLOOKUP(A102,'2025数据'!B:O,7,0) -> #REF! | E102: =D102-C102 -> #REF! | F102: 2962.5 | G102: =VLOOKUP(A102,'2025数据'!B:O,18,0)+VLOOKUP(A102,'2025数据'!B:G,8,0)+VLOOKUP(A102,'2025数据'!B:O,17,0) -> #REF! | H102: =G102-F102 -> #REF! | I102: 4444.5 | J102: 4593.4
A103: 魏炜 | B103: 16506.728 | C103: 305.312 | D103: =VLOOKUP(A103,'2025数据'!B:D,5,0)+VLOOKUP(A103,'2025数据'!B:E,6,0)+VLOOKUP(A103,'2025数据'!B:O,7,0) -> #REF! | E103: =D103-C103 -> #REF! | F103: 1844.836 | G103: =VLOOKUP(A103,'2025数据'!B:O,18,0)+VLOOKUP(A103,'2025数据'!B:G,8,0)+VLOOKUP(A103,'2025数据'!B:O,17,0) -> #REF! | H103: =G103-F103 -> #REF! | I103: 5987.24 | J103: 8369.34
A104: 于聪志 | B104: 181000.08 | C104: 30731.136 | D104: =VLOOKUP(A104,'2025数据'!B:D,5,0)+VLOOKUP(A104,'2025数据'!B:E,6,0)+VLOOKUP(A104,'2025数据'!B:O,7,0) -> #N/A | E104: =D104-C104 -> #N/A | F104: 32425.115 | G104: =VLOOKUP(A104,'2025数据'!B:O,18,0)+VLOOKUP(A104,'2025数据'!B:G,8,0)+VLOOKUP(A104,'2025数据'!B:O,17,0) -> #N/A | H104: =G104-F104 -> #N/A | I104: 47246.774 | J104: 70597.055
A105: 那冬 | B105: 65000 | C105: 14142.388 | D105: =VLOOKUP(A105,'2025数据'!B:D,5,0)+VLOOKUP(A105,'2025数据'!B:E,6,0)+VLOOKUP(A105,'2025数据'!B:O,7,0) -> #REF! | E105: =D105-C105 -> #REF! | F105: 13381.511 | G105: =VLOOKUP(A105,'2025数据'!B:O,18,0)+VLOOKUP(A105,'2025数据'!B:G,8,0)+VLOOKUP(A105,'2025数据'!B:O,17,0) -> #REF! | H105: =G105-F105 -> #REF! | I105: 15767.583 | J105: 21708.518
A106: 王琦 | B106: 11009.474 | C106: 1348.0036 | D106: =VLOOKUP(A106,'2025数据'!B:D,5,0)+VLOOKUP(A106,'2025数据'!B:E,6,0)+VLOOKUP(A106,'2025数据'!B:O,7,0) -> #REF! | E106: =D106-C106 -> #REF! | F106: 2265.292 | G106: =VLOOKUP(A106,'2025数据'!B:O,18,0)+VLOOKUP(A106,'2025数据'!B:G,8,0)+VLOOKUP(A106,'2025数据'!B:O,17,0) -> #REF! | H106: =G106-F106 -> #REF! | I106: 3397.9381 | J106: 3998.2404
A107: 合计 | B107: =SUM(B100:B106) -> 437033.72 | C107: =SUM(C100:C106) -> 75303.846 | D107: =SUM(D100:D106) -> #REF! | E107: =SUM(E100:E106) -> #REF! | F107: =SUM(F100:F106) -> 90280.675 | G107: =SUM(G100:G106) -> #REF! | H107: =SUM(H100:H106) -> #REF! | I107: =SUM(I100:I106) -> 123463.62 | J107: =SUM(J100:J106) -> 147985.58

Sheet 与年度目标对比 (2)
A2: 客户 | B2: 全年保底 | C2: 占比 | D2: Q1 | E2: Q1 | F2: 偏差 | G2: Q2 | H2: Q2 | I2: 偏差 | J2: Q3 | K2: Q4
B3: 目标分解 | D3: 目标分解 | E3: 实际+计划 | G3: 目标分解 | H3: 计划 | J3: 目标分解 | K3: 目标分解
A4: ZTE | B4: =B16 -> 123850.18 | C4: =B4/B15 -> 0.33681491 | D4: =C16 -> 18672.113 | E4: =D16 -> #REF! | F4: =E4-D4 -> #REF! | G4: =F16 -> 25162.182 | H4: =G16 -> #REF! | I4: =H4-G4 -> #REF! | J4: =I16 -> 42457.158 | K4: =J16 -> 37558.725
A5: HMD | B5: =B17 -> 65416.12 | C5: =B5/367709.90128077 -> 0.17790144 | D5: =C17 -> 15695.4 | E5: =D17 -> #REF! | F5: =E5-D5 -> #REF! | G5: =F17 -> 15177.4 | H5: =G17 -> #REF! | I5: =H5-G5 -> #REF! | J5: =I17 -> 19693.8 | K5: =J17 -> 14849.52
A6: local king 客户 | B6: =B23+B28+B29+B18+B19+B30+B24+B20+B25+B21+B26+B22+B27 -> 86249.825 | C6: =B6/367709.90128077 -> 0.23455943 | D6: =C23+C28+C29+C18+C19+C30+C24+C20+C25+C21+C26+C22+C27 -> 14273.819 | E6: =D23+D28+D29+D18+D19+D30+D24+D20+D25+D21+D26+D22+D27 -> #REF! | F6: =E6-D6 -> #REF! | G6: =F23+F28+F29+F18+F19+F30+F24+F20+F25+F21+F26+F22+F27 -> 19268.356 | H6: =G23+G28+G29+G18+G19+G30+G24+G20+G25+G21+G26+G22+G27 -> #REF! | I6: =H6-G6 -> #REF! | J6: =I23+I28+I29+I18+I19+I30+I24+I20+I25+I21+I26+I22+I27 -> 25834.26 | K6: =J23+J28+J29+J18+J19+J30+J24+J20+J25+J21+J26+J22+J27 -> 26873.39
A7: 平板 | B7: =B31+B32+B34+B33 -> 61700.094 | C7: =B7/367709.90128077 -> 0.16779558 | D7: =C31+C32+C34+C33 -> 16877.753 | E7: =D31+D32+D34+D33 -> #REF! | F7: =E7-D7 -> #REF! | G7: =F31+F32+F34+F33 -> 14985.545 | H7: =G31+G32+G34+G33 -> #REF! | I7: =H7-G7 -> #REF! | J7: =I31+I32+I34+I33 -> 15177.293 | K7: =J31+J32+J34+J33 -> 14659.503
A8: 共享 | B8: =B35+B36+B37 -> 16496.309 | C8: =B8/367709.90128077 -> 0.044862291 | D8: =C35+C36+C37 -> 10370.151 | E8: =D35+D36+D37+D38 -> #REF! | F8: =E8-D8 -> #REF! | G8: =F35+F36+F37 -> 4634.5635 | H8: =G35+G36+G37+G38 -> #REF! | I8: =H8-G8 -> #REF! | J8: =I35+I36+I37 -> 1303.4735 | K8: =J35+J36+J37 -> 188.12018
A9: others | B9: =B41+B39+B40+B42+B43+B44+B45 -> 13997.375 | C9: =B9/367709.90128077 -> 0.038066354 | D9: =C41+C39+C40+C42+C43+C44+C45 -> 301.50982 | E9: =D41+D39+D40+D42+D43+D44+D45 -> #REF! | F9: =E9-D9 -> #REF! | G9: =F41+F39+F40+F42+F43+F44+F45 -> 2265.292 | H9: =G41+G39+G40+G42+G43+G44+G45 -> #REF! | I9: =H9-G9 -> #REF! | J9: =I41+I39+I40+I42+I43+I44+I45 -> 5130.4381 | K9: =J41+J39+J40+J42+J43+J44+J45 -> 6300.1355
A10: 合计 | B10: =SUM(B4:B9) -> 367709.9 | D10: =SUM(D4:D9) -> 76190.746 | E10: =SUM(E4:E9) -> #REF! | F10: =SUM(F4:F9) -> #REF! | G10: =SUM(G4:G9) -> 81493.338 | H10: =SUM(H4:H9) -> #REF! | I10: =SUM(I4:I9) -> #REF! | J10: =SUM(J4:J9) -> 109596.42 | K10: =SUM(K4:K9) -> 100429.39
D11: =D10/B10 -> 0.20720341 | E11: =E10/B10 -> #REF! | G11: =G10/B10 -> 0.221624 | H11: =H10/B10 -> #REF! | J11: =J10/B10 -> 0.29805132 | K11: =K10/B10 -> 0.27312127
A13: 客户 | B13: 全年保底 | C13: Q1 | D13: Q1 | E13: 偏差 | F13: Q2 | G13: Q2 | H13: 偏差 | I13: Q3 | J13: Q4
B14: 目标分解 | C14: 目标分解 | D14: 实际 | F14: 目标分解 | G14: 计划 | I14: 目标分解 | J14: 目标分解
A15: 汇总 | B15: =SUM(B16:B45) -> 367709.9 | C15: =SUM(C16:C45) -> 76190.746 | D15: =SUM(D16:D45) -> #REF! | E15: =SUM(E16:E45) -> #REF! | F15: =SUM(F16:F45) -> 81493.338 | G15: =SUM(G16:G45) -> #REF! | H15: =SUM(H16:H45) -> #REF! | I15: =SUM(I16:I45) -> 109596.42 | J15: =SUM(J16:J45) -> 100429.39
A16: ZTE | B16: 123850.18 | C16: 18672.113 | D16: =VLOOKUP(A16,'2025数据'!B:D,5,0)+VLOOKUP(A16,'2025数据'!B:E,6,0)+VLOOKUP(A16,'2025数据'!B:O,17,0) -> #REF! | E16: =D16-C16 -> #REF! | F16: 25162.182 | G16: =VLOOKUP(A16,'2025数据'!B:O,18,0)+VLOOKUP(A16,'2025数据'!B:O,19,0)+VLOOKUP(A16,'2025数据'!B:O,17,0) -> #REF! | H16: =G16-F16 -> #REF! | I16: 42457.158 | J16: 37558.725
A17: HMD | B17: 65416.12 | C17: 15695.4 | D17: =VLOOKUP(A17,'2025数据'!B:D,5,0)+VLOOKUP(A17,'2025数据'!B:E,6,0)+VLOOKUP(A17,'2025数据'!B:O,17,0) -> #REF! | E17: =D17-C17 -> #REF! | F17: 15177.4 | G17: =VLOOKUP(A17,'2025数据'!B:O,18,0)+VLOOKUP(A17,'2025数据'!B:O,19,0)+VLOOKUP(A17,'2025数据'!B:O,17,0) -> #REF! | H17: =G17-F17 -> #REF! | I17: 19693.8 | J17: 14849.52
A18: BLU | B18: 5762.68 | C18: 2048.9 | D18: =VLOOKUP(A18,'2025数据'!B:D,5,0)+VLOOKUP(A18,'2025数据'!B:E,6,0)+VLOOKUP(A18,'2025数据'!B:O,17,0) -> #REF! | E18: =D18-C18 -> #REF! | F18: 1624.14 | G18: =VLOOKUP(A18,'2025数据'!B:O,18,0)+VLOOKUP(A18,'2025数据'!B:O,19,0)+VLOOKUP(A18,'2025数据'!B:O,17,0) -> #REF! | H18: =G18-F18 -> #REF! | I18: 1417.64 | J18: 672 | L18: =B18/$B$6 -> 0.066813817
A19: LF | B19: 5635 | C19: 1820 | D19: =VLOOKUP(A19,'2025数据'!B:D,5,0)+VLOOKUP(A19,'2025数据'!B:E,6,0)+VLOOKUP(A19,'2025数据'!B:O,17,0) -> #REF! | E19: =D19-C19 -> #REF! | F19: 2450 | G19: =VLOOKUP(A19,'2025数据'!B:O,18,0)+VLOOKUP(A19,'2025数据'!B:O,19,0)+VLOOKUP(A19,'2025数据'!B:O,17,0) -> #REF! | H19: =G19-F19 -> #REF! | I19: 1050 | J19: 315 | L19: =B19/$B$6 -> 0.065333466
A20: MC | B20: 4239.69 | C20: 791.28 | D20: =VLOOKUP(A20,'2025数据'!B:D,5,0)+VLOOKUP(A20,'2025数据'!B:E,6,0)+VLOOKUP(A20,'2025数据'!B:O,17,0) -> #REF! | E20: =D20-C20 -> #REF! | F20: 1176.28 | G20: =VLOOKUP(A20,'2025数据'!B:O,18,0)+VLOOKUP(A20,'2025数据'!B:O,19,0)+VLOOKUP(A20,'2025数据'!B:O,17,0) -> #REF! | H20: =G20-F20 -> #REF! | I20: 1561.28 | J20: 710.85 | L20: =B20/$B$6 -> 0.049155926
A21: LT | B21: 2408 | C21: 0 | D21: =VLOOKUP(A21,'2025数据'!B:D,5,0)+VLOOKUP(A21,'2025数据'!B:E,6,0)+VLOOKUP(A21,'2025数据'!B:O,17,0) -> #N/A | E21: =D21-C21 -> #N/A | F21: 1204 | G21: =VLOOKUP(A21,'2025数据'!B:O,18,0)+VLOOKUP(A21,'2025数据'!B:O,19,0)+VLOOKUP(A21,'2025数据'!B:O,17,0) -> #N/A | H21: =G21-F21 -> #N/A | I21: 1204 | J21: 0 | L21: =B21/$B$6 -> 0.027918897
A22: YTF | B22: 1540 | C22: 385 | D22: =VLOOKUP(A22,'2025数据'!B:D,5,0)+VLOOKUP(A22,'2025数据'!B:E,6,0)+VLOOKUP(A22,'2025数据'!B:O,17,0) -> #REF! | E22: =D22-C22 -> #REF! | F22: 770 | G22: =VLOOKUP(A22,'2025数据'!B:O,18,0)+VLOOKUP(A22,'2025数据'!B:O,19,0)+VLOOKUP(A22,'2025数据'!B:O,17,0) -> #REF! | H22: =G22-F22 -> #REF! | I22: 385 | J22: 0 | L22: =B22/$B$6 -> 0.017855109
A23: LAVA | B23: 34974.1 | C23: 4483.5 | D23: =VLOOKUP(A23,'2025数据'!B:D,5,0)+VLOOKUP(A23,'2025数据'!B:E,6,0)+VLOOKUP(A23,'2025数据'!B:O,17,0) -> #REF! | E23: =D23-C23 -> #REF! | F23: 5087.6 | G23: =VLOOKUP(A23,'2025数据'!B:O,18,0)+VLOOKUP(A23,'2025数据'!B:O,19,0)+VLOOKUP(A23,'2025数据'!B:O,17,0) -> #REF! | H23: =G23-F23 -> #REF! | I23: 8687 | J23: 16716 | L23: =B23/$B$6 -> 0.40549763
A24: SM | B24: 4631.2 | C24: 1311.1 | D24: =VLOOKUP(A24,'2025数据'!B:D,5,0)+VLOOKUP(A24,'2025数据'!B:E,6,0)+VLOOKUP(A24,'2025数据'!B:O,17,0) -> #REF! | E24: =D24-C24 -> #REF! | F24: 966 | G24: =VLOOKUP(A24,'2025数据'!B:O,18,0)+VLOOKUP(A24,'2025数据'!B:O,19,0)+VLOOKUP(A24,'2025数据'!B:O,17,0) -> #REF! | H24: =G24-F24 -> #REF! | I24: 1493.1 | J24: 861 | L24: =B24/$B$6 -> 0.053695181
A25: MBC | B25: 3185.875 | C25: 1218.875 | D25: =VLOOKUP(A25,'2025数据'!B:D,5,0)+VLOOKUP(A25,'2025数据'!B:E,6,0)+VLOOKUP(A25,'2025数据'!B:O,17,0) -> #REF! | E25: =D25-C25 -> #REF! | F25: 861 | G25: =VLOOKUP(A25,'2025数据'!B:O,18,0)+VLOOKUP(A25,'2025数据'!B:O,19,0)+VLOOKUP(A25,'2025数据'!B:O,17,0) -> #REF! | H25: =G25-F25 -> #REF! | I25: 1106 | J25: 0 | L25: =B25/$B$6 -> 0.036937756
A26: GDL | B26: 2128 | C26: 322 | D26: =VLOOKUP(A26,'2025数据'!B:D,5,0)+VLOOKUP(A26,'2025数据'!B:E,6,0)+VLOOKUP(A26,'2025数据'!B:O,17,0) -> #REF! | E26: =D26-C26 -> #REF! | F26: 322 | G26: =VLOOKUP(A26,'2025数据'!B:O,18,0)+VLOOKUP(A26,'2025数据'!B:O,19,0)+VLOOKUP(A26,'2025数据'!B:O,17,0) -> #REF! | H26: =G26-F26 -> #REF! | I26: 924 | J26: 560 | L26: =B26/$B$6 -> 0.024672514
A27: Doro | B27: 84.28 | C27: 84.28 | D27: =VLOOKUP(A27,'2025数据'!B:D,5,0)+VLOOKUP(A27,'2025数据'!B:E,6,0)+VLOOKUP(A27,'2025数据'!B:O,17,0) -> #REF! | E27: =D27-C27 -> #REF! | F27: 0 | G27: =VLOOKUP(A27,'2025数据'!B:O,18,0)+VLOOKUP(A27,'2025数据'!B:O,19,0)+VLOOKUP(A27,'2025数据'!B:O,17,0) -> #REF! | H27: =G27-F27 -> #REF! | I27: 0 | J27: 0 | L27: =B27/$B$6 -> 0.0009771614
A28: Wiko | B28: 9658.628 | C28: 305.312 | D28: =VLOOKUP(A28,'2025数据'!B:D,5,0)+VLOOKUP(A28,'2025数据'!B:E,6,0)+VLOOKUP(A28,'2025数据'!B:O,17,0) -> #REF! | E28: =D28-C28 -> #REF! | F28: 1844.836 | G28: =VLOOKUP(A28,'2025数据'!B:O,18,0)+VLOOKUP(A28,'2025数据'!B:O,19,0)+VLOOKUP(A28,'2025数据'!B:O,17,0) -> #REF! | H28: =G28-F28 -> #REF! | I28: 3561.74 | J28: 3946.74 | L28: =B28/$B$6 -> 0.11198432
A29: TP | B29: 7096.8 | C29: 860 | D29: =VLOOKUP(A29,'2025数据'!B:D,5,0)+VLOOKUP(A29,'2025数据'!B:E,6,0)+VLOOKUP(A29,'2025数据'!B:O,17,0) -> #REF! | E29: =D29-C29 -> #REF! | F29: 1897 | G29: =VLOOKUP(A29,'2025数据'!B:O,18,0)+VLOOKUP(A29,'2025数据'!B:O,19,0)+VLOOKUP(A29,'2025数据'!B:O,17,0) -> #REF! | H29: =G29-F29 -> #REF! | I29: 2611 | J29: 1728.8 | L29: =B29/$B$6 -> 0.082281906
A30: XM | B30: 4905.572 | C30: 643.572 | D30: =VLOOKUP(A30,'2025数据'!B:D,5,0)+VLOOKUP(A30,'2025数据'!B:E,6,0)+VLOOKUP(A30,'2025数据'!B:O,17,0) -> #REF! | E30: =D30-C30 -> #REF! | F30: 1065.5 | G30: =VLOOKUP(A30,'2025数据'!B:O,18,0)+VLOOKUP(A30,'2025数据'!B:O,19,0)+VLOOKUP(A30,'2025数据'!B:O,17,0) -> #REF! | H30: =G30-F30 -> #REF! | I30: 1833.5 | J30: 1363 | L30: =B30/$B$6 -> 0.056876313
A31: ZYB | B31: 40867.279 | C31: 11876.219 | D31: =VLOOKUP(A31,'2025数据'!B:D,5,0)+VLOOKUP(A31,'2025数据'!B:E,6,0)+VLOOKUP(A31,'2025数据'!B:O,17,0) -> #REF! | E31: =D31-C31 -> #REF! | F31: 9860.177 | G31: =VLOOKUP(A31,'2025数据'!B:O,18,0)+VLOOKUP(A31,'2025数据'!B:O,19,0)+VLOOKUP(A31,'2025数据'!B:O,17,0) -> #REF! | H31: =G31-F31 -> #REF! | I31: 9548.6726 | J31: 9582.2102
A32: Xiaodu | B32: 13281.934 | C32: 2809.3468 | D32: =VLOOKUP(A32,'2025数据'!B:D,5,0)+VLOOKUP(A32,'2025数据'!B:E,6,0)+VLOOKUP(A32,'2025数据'!B:O,17,0) -> #REF! | E32: =D32-C32 -> #REF! | F32: 3717.116 | G32: =VLOOKUP(A32,'2025数据'!B:O,18,0)+VLOOKUP(A32,'2025数据'!B:O,19,0)+VLOOKUP(A32,'2025数据'!B:O,17,0) -> #REF! | H32: =G32-F32 -> #REF! | I32: 3717.116 | J32: 3038.3549
A33: TAL | B33: 2550.832 | C33: 2192.187 | D33: =VLOOKUP(A33,'2025数据'!B:D,5,0)+VLOOKUP(A33,'2025数据'!B:E,6,0)+VLOOKUP(A33,'2025数据'!B:O,17,0) -> #REF! | E33: =D33-C33 -> #REF! | F33: 358.645 | G33: =VLOOKUP(A33,'2025数据'!B:O,18,0)+VLOOKUP(A33,'2025数据'!B:O,19,0)+VLOOKUP(A33,'2025数据'!B:O,17,0) -> #REF! | H33: =G33-F33 -> #REF! | I33: 0 | J33: 0
A34: KK | B34: 5000.0496 | C34: 0 | D34: 0 | E34: =D34-C34 -> 0 | F34: 1049.6071 | G34: =VLOOKUP(A34,'2025数据'!B:O,18,0)+VLOOKUP(A34,'2025数据'!B:O,19,0)+VLOOKUP(A34,'2025数据'!B:O,17,0) -> #REF! | H34: =G34-F34 -> #REF! | I34: 1911.5044 | J34: 2038.9381
A35: MT | B35: 11317.162 | C35: 7057.4892 | D35: =VLOOKUP(A35,'2025数据'!B:D,5,0)+VLOOKUP(A35,'2025数据'!B:E,6,0)+VLOOKUP(A35,'2025数据'!B:O,17,0) -> #REF! | E35: =D35-C35 -> #REF! | F35: 3187.1726 | G35: =VLOOKUP(A35,'2025数据'!B:O,18,0)+VLOOKUP(A35,'2025数据'!B:O,19,0)+VLOOKUP(A35,'2025数据'!B:O,17,0) -> #REF! | H35: =G35-F35 -> #REF! | I35: 1072.5 | J35: 0
A36: Didi | B36: 4132.653 | C36: 2266.1685 | D36: =VLOOKUP(A36,'2025数据'!B:D,5,0)+VLOOKUP(A36,'2025数据'!B:E,6,0)+VLOOKUP(A36,'2025数据'!B:O,17,0) -> #REF! | E36: =D36-C36 -> #REF! | F36: 1447.3909 | G36: =VLOOKUP(A36,'2025数据'!B:O,18,0)+VLOOKUP(A36,'2025数据'!B:O,19,0)+VLOOKUP(A36,'2025数据'!B:O,17,0) -> #REF! | H36: =G36-F36 -> #REF! | I36: 230.97345 | J36: 188.12018
A37: 哈啰 | B37: 1046.4938 | C37: 1046.4938 | D37: =VLOOKUP(A37,'2025数据'!B:D,5,0)+VLOOKUP(A37,'2025数据'!B:E,6,0)+VLOOKUP(A37,'2025数据'!B:O,17,0) -> #REF! | E37: =D37-C37 -> #REF! | F37: 0 | G37: =VLOOKUP(A37,'2025数据'!B:O,18,0)+VLOOKUP(A37,'2025数据'!B:O,19,0)+VLOOKUP(A37,'2025数据'!B:O,17,0) -> #REF! | H37: =G37-F37 -> #REF! | I37: 0 | J37: 0
A38: MY | B38: 0 | C38: 0 | D38: =VLOOKUP(A38,'2025数据'!B:D,5,0)+VLOOKUP(A38,'2025数据'!B:E,6,0)+VLOOKUP(A38,'2025数据'!B:O,17,0) -> #REF! | E38: =D38-C38 -> #REF! | F38: 0 | G38: =VLOOKUP(A38,'2025数据'!B:O,18,0)+VLOOKUP(A38,'2025数据'!B:O,19,0)+VLOOKUP(A38,'2025数据'!B:O,17,0) -> #REF! | H38: =G38-F38 -> #REF! | I38: 0 | J38: 0
A39: 新客户-Sherman | B39: 3992.45 | C39: 0 | D39: 0 | E39: =D39-C39 -> 0 | F39: 0 | G39: 0 | H39: =G39-F39 -> 0 | I39: 1732.5 | J39: 2259.95
A40: 日本MNVO | B40: 1050 | C40: 0 | D40: 0 | E40: =D40-C40 -> 0 | F40: 0 | G40: 0 | H40: =G40-F40 -> 0 | I40: 0 | J40: 1050
A41: TX | B41: 8664.742 | C41: 11.32646 | D41: =VLOOKUP(A41,'2025数据'!B:D,5,0)+VLOOKUP(A41,'2025数据'!B:E,6,0)+VLOOKUP(A41,'2025数据'!B:O,17,0) -> #REF! | E41: =D41-C41 -> #REF! | F41: 2265.292 | G41: =VLOOKUP(A41,'2025数据'!B:O,18,0)+VLOOKUP(A41,'2025数据'!B:O,19,0)+VLOOKUP(A41,'2025数据'!B:O,17,0) -> #REF! | H41: =G41-F41 -> #REF! | I41: 3397.9381 | J41: 2990.1855
A42: 巨鼎 | B42: 160.09487 | C42: 160.09487 | D42: =VLOOKUP(A42,'2025数据'!B:D,5,0)+VLOOKUP(A42,'2025数据'!B:E,6,0)+VLOOKUP(A42,'2025数据'!B:O,17,0) -> #REF! | E42: =D42-C42 -> #REF! | F42: 0 | G42: =VLOOKUP(A42,'2025数据'!B:O,18,0)+VLOOKUP(A42,'2025数据'!B:O,19,0)+VLOOKUP(A42,'2025数据'!B:O,17,0) -> #REF! | H42: =G42-F42 -> #REF! | I42: 0 | J42: 0
A43: 德卡 | B43: 130.0885 | C43: 130.0885 | D43: =VLOOKUP(A43,'2025数据'!B:D,5,0)+VLOOKUP(A43,'2025数据'!B:E,6,0)+VLOOKUP(A43,'2025数据'!B:O,17,0) -> #REF! | E43: =D43-C43 -> #REF! | F43: 0 | G43: =VLOOKUP(A43,'2025数据'!B:O,18,0)+VLOOKUP(A43,'2025数据'!B:O,19,0)+VLOOKUP(A43,'2025数据'!B:O,17,0) -> #REF! | H43: =G43-F43 -> #REF! | I43: 0 | J43: 0
A44: Webin | B44: 0 | C44: 0 | D44: =VLOOKUP(A44,'2025数据'!B:D,5,0)+VLOOKUP(A44,'2025数据'!B:E,6,0)+VLOOKUP(A44,'2025数据'!B:O,17,0) -> #REF! | E44: =D44-C44 -> #REF! | F44: 0 | G44: =VLOOKUP(A44,'2025数据'!B:O,18,0)+VLOOKUP(A44,'2025数据'!B:O,19,0)+VLOOKUP(A44,'2025数据'!B:O,17,0) -> #REF! | H44: =G44-F44 -> #REF! | I44: 0 | J44: 0
A45: 天猫 | B45: 0 | C45: 0 | D45: =VLOOKUP(A45,'2025数据'!B:D,5,0)+VLOOKUP(A45,'2025数据'!B:E,6,0)+VLOOKUP(A45,'2025数据'!B:O,17,0) -> #REF! | E45: =D45-C45 -> #REF! | F45: 0 | G45: =VLOOKUP(A45,'2025数据'!B:O,18,0)+VLOOKUP(A45,'2025数据'!B:O,19,0)+VLOOKUP(A45,'2025数据'!B:O,17,0) -> #REF! | H45: =G45-F45 -> #REF! | I45: 0 | J45: 0
A47: 销售人员 | B47: 全年保底 | C47: Q1 | D47: Q1 | E47: 偏差 | F47: Q2 | G47: Q2 | H47: 偏差 | I47: Q3 | J47: Q4 | K47: Q1 | L47: Q2 | M47: Q3 | N47: Q4
B48: 目标分解 | C48: 目标分解 | D48: 实际+计划 | F48: 目标分解 | G48: 计划 | I48: 目标分解 | J48: 目标分解 | K48: 目标分解占比 | L48: 目标分解占比 | M48: 目标分解占比 | N48: 目标分解占比
A49: 戴明星 | B49: 85001.49 | C49: 20740.58 | D49: =VLOOKUP(A49,'2025数据'!B:D,5,0)+VLOOKUP(A49,'2025数据'!B:E,6,0)+VLOOKUP(A49,'2025数据'!B:O,17,0) -> #REF! | E49: =D49-C49 -> #REF! | F49: 22401.82 | G49: =VLOOKUP(A49,'2025数据'!B:O,18,0)+VLOOKUP(A49,'2025数据'!B:O,19,0)+VLOOKUP(A49,'2025数据'!B:O,20,0) -> #REF! | H49: =G49-F49 -> #REF! | I49: 25311.72 | J49: 16547.37 | K49: =C49/B49 -> 0.24400255 | L49: =F49/B49 -> 0.2635462 | M49: =I49/B49 -> 0.29777972 | N49: =J49/B49 -> 0.19467153
A50: 胡凤 | B50: 45003.455 | C50: 7419.755 | D50: =VLOOKUP(A50,'2025数据'!B:D,5,0)+VLOOKUP(A50,'2025数据'!B:E,6,0)+VLOOKUP(A50,'2025数据'!B:O,17,0) -> #REF! | E50: =D50-C50 -> #REF! | F50: 7236.6 | G50: =VLOOKUP(A50,'2025数据'!B:O,18,0)+VLOOKUP(A50,'2025数据'!B:O,19,0)+VLOOKUP(A50,'2025数据'!B:O,20,0) -> #REF! | H50: =G50-F50 -> #REF! | I50: 12210.1 | J50: 18137 | K50: =C50/B50 -> 0.16487079 | L50: =F50/B50 -> 0.16080099 | M50: =I50/B50 -> 0.27131472 | N50: =J50/B50 -> 0.4030135
A51: 孙浩 | B51: 12002.372 | C51: 1503.572 | D51: =VLOOKUP(A51,'2025数据'!B:D,5,0)+VLOOKUP(A51,'2025数据'!B:E,6,0)+VLOOKUP(A51,'2025数据'!B:O,17,0) -> #REF! | E51: =D51-C51 -> #REF! | F51: 2962.5 | G51: =VLOOKUP(A51,'2025数据'!B:O,18,0)+VLOOKUP(A51,'2025数据'!B:O,19,0)+VLOOKUP(A51,'2025数据'!B:O,20,0) -> #REF! | H51: =G51-F51 -> #REF! | I51: 4444.5 | J51: 3091.8 | K51: =C51/B51 -> 0.1252729 | L51: =F51/B51 -> 0.24682621 | M51: =I51/B51 -> 0.3703018 | N51: =J51/B51 -> 0.25759908
A52: 魏炜 | B52: 14701.078 | C52: 305.312 | D52: =VLOOKUP(A52,'2025数据'!B:D,5,0)+VLOOKUP(A52,'2025数据'!B:E,6,0)+VLOOKUP(A52,'2025数据'!B:O,17,0) -> #REF! | E52: =D52-C52 -> #REF! | F52: 1844.836 | G52: =VLOOKUP(A52,'2025数据'!B:O,18,0)+VLOOKUP(A52,'2025数据'!B:O,19,0)+VLOOKUP(A52,'2025数据'!B:O,20,0) -> #REF! | H52: =G52-F52 -> #REF! | I52: 5294.24 | J52: 7256.69 | K52: =C52/B52 -> 0.020768001 | L52: =F52/B52 -> 0.12548985 | M52: =I52/B52 -> 0.36012597 | N52: =J52/B52 -> 0.49361618
A53: 于聪志 | B53: 151000.11 | C53: 30731.136 | D53: =VLOOKUP(A53,'2025数据'!B:D,5,0)+VLOOKUP(A53,'2025数据'!B:E,6,0)+VLOOKUP(A53,'2025数据'!B:O,17,0) -> #N/A | E53: =D53-C53 -> #N/A | F53: 32425.115 | G53: =VLOOKUP(A53,'2025数据'!B:O,18,0)+VLOOKUP(A53,'2025数据'!B:O,19,0)+VLOOKUP(A53,'2025数据'!B:O,20,0) -> #N/A | H53: =G53-F53 -> #N/A | I53: 47246.774 | J53: 40597.08 | K53: =C53/B53 -> 0.20351731 | L53: =F53/B53 -> 0.21473571 | M53: =I53/B53 -> 0.31289233 | N53: =J53/B53 -> 0.26885465
A54: 那冬 | B54: 49999.982 | C54: 14142.388 | D54: =VLOOKUP(A54,'2025数据'!B:D,5,0)+VLOOKUP(A54,'2025数据'!B:E,6,0)+VLOOKUP(A54,'2025数据'!B:O,17,0) -> #REF! | E54: =D54-C54 -> #REF! | F54: 12357.175 | G54: =VLOOKUP(A54,'2025数据'!B:O,18,0)+VLOOKUP(A54,'2025数据'!B:O,19,0)+VLOOKUP(A54,'2025数据'!B:O,20,0) -> #REF! | H54: =G54-F54 -> #REF! | I54: 11691.15 | J54: 11809.268 | K54: =C54/B54 -> 0.28284786 | L54: =F54/B54 -> 0.24714359 | M54: =I54/B54 -> 0.23382309 | N54: =J54/B54 -> 0.23618545
A55: 王琦 | B55: 10001.419 | C55: 1348.0036 | D55: =VLOOKUP(A55,'2025数据'!B:D,5,0)+VLOOKUP(A55,'2025数据'!B:E,6,0)+VLOOKUP(A55,'2025数据'!B:O,17,0) -> #REF! | E55: =D55-C55 -> #REF! | F55: 2265.292 | G55: =VLOOKUP(A55,'2025数据'!B:O,18,0)+VLOOKUP(A55,'2025数据'!B:O,19,0)+VLOOKUP(A55,'2025数据'!B:O,20,0) -> #REF! | H55: =G55-F55 -> #REF! | I55: 3397.9381 | J55: 2990.1855 | K55: =C55/B55 -> 0.13478123 | L55: =F55/B55 -> 0.22649706 | M55: =I55/B55 -> 0.33974559 | N55: =J55/B55 -> 0.29897612
A56: 合计 | B56: =SUM(B49:B55) -> 367709.9 | C56: =SUM(C49:C55) -> 76190.746 | D56: =SUM(D49:D55) -> #REF! | E56: =SUM(E49:E55) -> #REF! | F56: =SUM(F49:F55) -> 81493.338 | G56: =SUM(G49:G55) -> #REF! | H56: =SUM(H49:H55) -> #REF! | I56: =SUM(I49:I55) -> 109596.42 | J56: =SUM(J49:J55) -> 100429.39 | K56: =C56/B56 -> 0.20720341 | L56: =F56/B56 -> 0.221624 | M56: =I56/B56 -> 0.29805132 | N56: =J56/B56 -> 0.27312127
A60: 客户 | B60: 全年冲刺 | C60: Q1 | D60: Q1 | E60: 偏差 | F60: Q2 | G60: Q2 | H60: 偏差 | I60: Q3 | J60: Q4
B61: 目标分解 | C61: 目标分解 | D61: 实际+计划 | F61: 目标分解 | G61: 计划 | I61: 目标分解 | J61: 目标分解
A62: 汇总 | B62: =SUM(B63:B93) -> 437033.72 | C62: =SUM(C63:C93) -> 75303.846 | D62: =SUM(D63:D93) -> #REF! | E62: =SUM(E63:E93) -> #REF! | F62: =SUM(F63:F93) -> 90280.675 | G62: =SUM(G63:G93) -> #REF! | H62: =SUM(H63:H93) -> #REF! | I62: =SUM(I63:I93) -> 123463.62 | J62: =SUM(J63:J93) -> 147985.58
A63: ZTE | B63: 153850.15 | C63: 18672.113 | D63: =VLOOKUP(A63,'2025数据'!B:D,5,0)+VLOOKUP(A63,'2025数据'!B:E,6,0)+VLOOKUP(A63,'2025数据'!B:O,17,0) -> #REF! | E63: =D63-C63 -> #REF! | F63: 25162.182 | G63: =VLOOKUP(A63,'2025数据'!B:O,18,0)+VLOOKUP(A63,'2025数据'!B:O,19,0)+VLOOKUP(A63,'2025数据'!B:O,20,0) -> #REF! | H63: =G63-F63 -> #REF! | I63: 42457.158 | J63: 67558.7
A64: HMD | B64: 67918.9 | C64: 12869.5 | D64: =VLOOKUP(A64,'2025数据'!B:D,5,0)+VLOOKUP(A64,'2025数据'!B:E,6,0)+VLOOKUP(A64,'2025数据'!B:O,17,0) -> #REF! | E64: =D64-C64 -> #REF! | F64: 18431 | G64: =VLOOKUP(A64,'2025数据'!B:O,18,0)+VLOOKUP(A64,'2025数据'!B:O,19,0)+VLOOKUP(A64,'2025数据'!B:O,20,0) -> #REF! | H64: =G64-F64 -> #REF! | I64: 20746.6 | J64: 15871.8
A65: BLU | B65: 9010.96 | C65: 2048.9 | D65: =VLOOKUP(A65,'2025数据'!B:D,5,0)+VLOOKUP(A65,'2025数据'!B:E,6,0)+VLOOKUP(A65,'2025数据'!B:O,17,0) -> #REF! | E65: =D65-C65 -> #REF! | F65: 3802.54 | G65: =VLOOKUP(A65,'2025数据'!B:O,18,0)+VLOOKUP(A65,'2025数据'!B:O,19,0)+VLOOKUP(A65,'2025数据'!B:O,20,0) -> #REF! | H65: =G65-F65 -> #REF! | I65: 2823.52 | J65: 336
A66: LF | B66: 8778 | C66: 2555 | D66: =VLOOKUP(A66,'2025数据'!B:D,5,0)+VLOOKUP(A66,'2025数据'!B:E,6,0)+VLOOKUP(A66,'2025数据'!B:O,17,0) -> #REF! | E66: =D66-C66 -> #REF! | F66: 3542 | G66: =VLOOKUP(A66,'2025数据'!B:O,18,0)+VLOOKUP(A66,'2025数据'!B:O,19,0)+VLOOKUP(A66,'2025数据'!B:O,20,0) -> #REF! | H66: =G66-F66 -> #REF! | I66: 1869 | J66: 812
A67: LT | B67: 6580 | C67: 1204 | D67: =VLOOKUP(A67,'2025数据'!B:D,5,0)+VLOOKUP(A67,'2025数据'!B:E,6,0)+VLOOKUP(A67,'2025数据'!B:O,17,0) -> #N/A | E67: =D67-C67 -> #N/A | F67: 2114 | G67: =VLOOKUP(A67,'2025数据'!B:O,18,0)+VLOOKUP(A67,'2025数据'!B:O,19,0)+VLOOKUP(A67,'2025数据'!B:O,20,0) -> #N/A | H67: =G67-F67 -> #N/A | I67: 2716 | J67: 546
A68: MC | B68: 5170.55 | C68: 791.28 | D68: =VLOOKUP(A68,'2025数据'!B:D,5,0)+VLOOKUP(A68,'2025数据'!B:E,6,0)+VLOOKUP(A68,'2025数据'!B:O,17,0) -> #REF! | E68: =D68-C68 -> #REF! | F68: 1176.28 | G68: =VLOOKUP(A68,'2025数据'!B:O,18,0)+VLOOKUP(A68,'2025数据'!B:O,19,0)+VLOOKUP(A68,'2025数据'!B:O,20,0) -> #REF! | H68: =G68-F68 -> #REF! | I68: 2352.56 | J68: 850.43
A69: YTF | B69: 2548 | C69: 385 | D69: =VLOOKUP(A69,'2025数据'!B:D,5,0)+VLOOKUP(A69,'2025数据'!B:E,6,0)+VLOOKUP(A69,'2025数据'!B:O,17,0) -> #REF! | E69: =D69-C69 -> #REF! | F69: 1106 | G69: =VLOOKUP(A69,'2025数据'!B:O,18,0)+VLOOKUP(A69,'2025数据'!B:O,19,0)+VLOOKUP(A69,'2025数据'!B:O,20,0) -> #REF! | H69: =G69-F69 -> #REF! | I69: 1057 | J69: 0
A70: LAVA | B70: 39977.7 | C70: 4483.5 | D70: =VLOOKUP(A70,'2025数据'!B:D,5,0)+VLOOKUP(A70,'2025数据'!B:E,6,0)+VLOOKUP(A70,'2025数据'!B:O,17,0) -> #REF! | E70: =D70-C70 -> #REF! | F70: 5080.6 | G70: =VLOOKUP(A70,'2025数据'!B:O,18,0)+VLOOKUP(A70,'2025数据'!B:O,19,0)+VLOOKUP(A70,'2025数据'!B:O,20,0) -> #REF! | H70: =G70-F70 -> #REF! | I70: 11531.8 | J70: 18881.8
A71: SM | B71: 4631.2 | C71: 1311.1 | D71: =VLOOKUP(A71,'2025数据'!B:D,5,0)+VLOOKUP(A71,'2025数据'!B:E,6,0)+VLOOKUP(A71,'2025数据'!B:O,17,0) -> #REF! | E71: =D71-C71 -> #REF! | F71: 966 | G71: =VLOOKUP(A71,'2025数据'!B:O,18,0)+VLOOKUP(A71,'2025数据'!B:O,19,0)+VLOOKUP(A71,'2025数据'!B:O,20,0) -> #REF! | H71: =G71-F71 -> #REF! | I71: 1493.1 | J71: 861
A72: MBC | B72: 3185.875 | C72: 1218.875 | D72: =VLOOKUP(A72,'2025数据'!B:D,5,0)+VLOOKUP(A72,'2025数据'!B:E,6,0)+VLOOKUP(A72,'2025数据'!B:O,17,0) -> #REF! | E72: =D72-C72 -> #REF! | F72: 861 | G72: =VLOOKUP(A72,'2025数据'!B:O,18,0)+VLOOKUP(A72,'2025数据'!B:O,19,0)+VLOOKUP(A72,'2025数据'!B:O,20,0) -> #REF! | H72: =G72-F72 -> #REF! | I72: 1106 | J72: 0
A73: GDL | B73: 2128 | C73: 322 | D73: =VLOOKUP(A73,'2025数据'!B:D,5,0)+VLOOKUP(A73,'2025数据'!B:E,6,0)+VLOOKUP(A73,'2025数据'!B:O,17,0) -> #REF! | E73: =D73-C73 -> #REF! | F73: 322 | G73: =VLOOKUP(A73,'2025数据'!B:O,18,0)+VLOOKUP(A73,'2025数据'!B:O,19,0)+VLOOKUP(A73,'2025数据'!B:O,20,0) -> #REF! | H73: =G73-F73 -> #REF! | I73: 924 | J73: 560
A74: Doro | B74: 84.28 | C74: 84.28 | D74: =VLOOKUP(A74,'2025数据'!B:D,5,0)+VLOOKUP(A74,'2025数据'!B:E,6,0)+VLOOKUP(A74,'2025数据'!B:O,17,0) -> #REF! | E74: =D74-C74 -> #REF! | F74: 0 | G74: =VLOOKUP(A74,'2025数据'!B:O,18,0)+VLOOKUP(A74,'2025数据'!B:O,19,0)+VLOOKUP(A74,'2025数据'!B:O,20,0) -> #REF! | H74: =G74-F74 -> #REF! | I74: 0 | J74: 0
... A79: Xiaodu | B79: 13281.934 | C79: 2809.3468 | D79: =VLOOKUP(A79,'2025数据'!B:D,5,0)+VLOOKUP(A79,'2025数据'!B:E,6,0)+VLOOKUP(A79,'2025数据'!B:O,17,0) -> #REF! | E79: =D79-C79 -> #REF! | F79: 3717.116 | G79: =VLOOKUP(A79,'2025数据'!B:O,18,0)+VLOOKUP(A79,'2025数据'!B:O,19,0)+VLOOKUP(A79,'2025数据'!B:O,20,0) -> #REF! | H79: =G79-F79 -> #REF! | I79: 3717.116 | J79: 3038.3549
A80: NEW | B80: 10296.88 | C80: 0 | D80: 0 | E80: =D80-C80 -> 0 | F80: 0 | G80: 0 | H80: =G80-F80 -> 0 | I80: 2574.2199 | J80: 7722.6598
A81: KK | B81: 6371.6814 | C81: 0 | D81: 0 | E81: =D81-C81 -> 0 | F81: 1941.6425 | G81: 0 | H81: =G81-F81 -> -1941.6425 | I81: 1911.5044 | J81: 2518.5345
A82: TAL | B82: 2550.832 | C82: 2192.187 | D82: =VLOOKUP(A82,'2025数据'!B:D,5,0)+VLOOKUP(A82,'2025数据'!B:E,6,0)+VLOOKUP(A82,'2025数据'!B:O,17,0) -> #REF! | E82: =D82-C82 -> #REF! | F82: 358.645 | G82: =VLOOKUP(A82,'2025数据'!B:O,18,0)+VLOOKUP(A82,'2025数据'!B:O,19,0)+VLOOKUP(A82,'2025数据'!B:O,20,0) -> #REF! | H82: =G82-F82 -> #REF! | I82: 0 | J82: 0
A83: MT | B83: 11317.162 | C83: 7057.4892 | D83: =VLOOKUP(A83,'2025数据'!B:D,5,0)+VLOOKUP(A83,'2025数据'!B:E,6,0)+VLOOKUP(A83,'2025数据'!B:O,17,0) -> #REF! | E83: =D83-C83 -> #REF! | F83: 3187.1726 | G83: =VLOOKUP(A83,'2025数据'!B:O,18,0)+VLOOKUP(A83,'2025数据'!B:O,19,0)+VLOOKUP(A83,'2025数据'!B:O,20,0) -> #REF! | H83: =G83-F83 -> #REF! | I83: 1072.5 | J83: 0
A84: Didi | B84: 4132.653 | C84: 2266.1685 | D84: =VLOOKUP(A84,'2025数据'!B:D,5,0)+VLOOKUP(A84,'2025数据'!B:E,6,0)+VLOOKUP(A84,'2025数据'!B:O,17,0) -> #REF! | E84: =D84-C84 -> #REF! | F84: 1447.3909 | G84: =VLOOKUP(A84,'2025数据'!B:O,18,0)+VLOOKUP(A84,'2025数据'!B:O,19,0)+VLOOKUP(A84,'2025数据'!B:O,20,0) -> #REF! | H84: =G84-F84 -> #REF! | I84: 230.97345 | J84: 188.12018
A85: 哈啰 | B85: 1046.4938 | C85: 1046.4938 | D85: =VLOOKUP(A85,'2025数据'!B:D,5,0)+VLOOKUP(A85,'2025数据'!B:E,6,0)+VLOOKUP(A85,'2025数据'!B:O,17,0) -> #REF! | E85: =D85-C85 -> #REF! | F85: 0 | G85: =VLOOKUP(A85,'2025数据'!B:O,18,0)+VLOOKUP(A85,'2025数据'!B:O,19,0)+VLOOKUP(A85,'2025数据'!B:O,20,0) -> #REF! | H85: =G85-F85 -> #REF! | I85: 0 | J85: 0
A86: MY | B86: 0 | C86: 0 | D86: =VLOOKUP(A86,'2025数据'!B:D,5,0)+VLOOKUP(A86,'2025数据'!B:E,6,0)+VLOOKUP(A86,'2025数据'!B:O,17,0) -> #REF! | E86: =D86-C86 -> #REF! | F86: 0 | G86: =VLOOKUP(A86,'2025数据'!B:O,18,0)+VLOOKUP(A86,'2025数据'!B:O,19,0)+VLOOKUP(A86,'2025数据'!B:O,20,0) -> #REF! | H86: =G86-F86 -> #REF! | I86: 0 | J86: 0
A87: 新客户-Sherman | B87: 4373.6 | C87: 0 | D87: 0 | E87: =D87-C87 -> 0 | F87: 0 | G87: 0 | H87: =G87-F87 -> 0 | I87: 1732.5 | J87: 2641.1
A88: 日本MNVO | B88: 1050 | C88: 0 | D88: 0 | E88: =D88-C88 -> 0 | F88: 0 | G88: 0 | H88: =G88-F88 -> 0 | I88: 0 | J88: 1050
A89: 巨鼎 | B89: 160.09487 | C89: 160.09487 | D89: =VLOOKUP(A89,'2025数据'!B:D,5,0)+VLOOKUP(A89,'2025数据'!B:E,6,0)+VLOOKUP(A89,'2025数据'!B:O,17,0) -> #REF! | E89: =D89-C89 -> #REF! | F89: 0 | G89: =VLOOKUP(A89,'2025数据'!B:O,18,0)+VLOOKUP(A89,'2025数据'!B:O,19,0)+VLOOKUP(A89,'2025数据'!B:O,20,0) -> #REF! | H89: =G89-F89 -> #REF! | I89: 0 | J89: 0
A90: 德卡 | B90: 130.0885 | C90: 130.0885 | D90: =VLOOKUP(A90,'2025数据'!B:D,5,0)+VLOOKUP(A90,'2025数据'!B:E,6,0)+VLOOKUP(A90,'2025数据'!B:O,17,0) -> #REF! | E90: =D90-C90 -> #REF! | F90: 0 | G90: =VLOOKUP(A90,'2025数据'!B:O,18,0)+VLOOKUP(A90,'2025数据'!B:O,19,0)+VLOOKUP(A90,'2025数据'!B:O,20,0) -> #REF! | H90: =G90-F90 -> #REF! | I90: 0 | J90: 0
A91: Webin | B91: 0 | C91: 0 | D91: =VLOOKUP(A91,'2025数据'!B:D,5,0)+VLOOKUP(A91,'2025数据'!B:E,6,0)+VLOOKUP(A91,'2025数据'!B:O,17,0) -> #REF! | E91: =D91-C91 -> #REF! | F91: 0 | G91: =VLOOKUP(A91,'2025数据'!B:O,18,0)+VLOOKUP(A91,'2025数据'!B:O,19,0)+VLOOKUP(A91,'2025数据'!B:O,20,0) -> #REF! | H91: =G91-F91 -> #REF! | I91: 0 | J91: 0
A92: 天猫 | B92: 0 | C92: 0 | D92: =VLOOKUP(A92,'2025数据'!B:D,5,0)+VLOOKUP(A92,'2025数据'!B:E,6,0)+VLOOKUP(A92,'2025数据'!B:O,17,0) -> #REF! | E92: =D92-C92 -> #REF! | F92: 0 | G92: =VLOOKUP(A92,'2025数据'!B:O,18,0)+VLOOKUP(A92,'2025数据'!B:O,19,0)+VLOOKUP(A92,'2025数据'!B:O,20,0) -> #REF! | H92: =G92-F92 -> #REF! | I92: 0 | J92: 0
A93: TX | B93: 9672.797 | C93: 11.32646 | D93: =VLOOKUP(A93,'2025数据'!B:D,5,0)+VLOOKUP(A93,'2025数据'!B:E,6,0)+VLOOKUP(A93,'2025数据'!B:O,17,0) -> #REF! | E93: =D93-C93 -> #REF! | F93: 2265.292 | G93: =VLOOKUP(A93,'2025数据'!B:O,18,0)+VLOOKUP(A93,'2025数据'!B:O,19,0)+VLOOKUP(A93,'2025数据'!B:O,20,0) -> #REF! | H93: =G93-F93 -> #REF! | I93: 3397.9381 | J93: 3998.2404
A96: 销售人员 | B96: 全年冲刺 | C96: Q1 | D96: Q1 | E96: 偏差 | F96: Q2 | G96: Q2 | H96: 偏差 | I96: Q3 | J96: Q4 | K96: Q1 | L96: Q2 | M96: Q3 | N96: Q4
B97: 目标分解 | C97: 目标分解 | D97: 实际+计划 | F97: 目标分解 | G97: 计划 | I97: 目标分解 | J97: 目标分解 | K97: 目标分解占比 | L97: 目标分解占比 | M97: 目标分解占比 | N97: 目标分解占比
A98: 戴明星 | B98: 100006.41 | C98: 19853.68 | D98: =VLOOKUP(A98,'2025数据'!B:D,5,0)+VLOOKUP(A98,'2025数据'!B:E,6,0)+VLOOKUP(A98,'2025数据'!B:O,17,0) -> #REF! | E98: =D98-C98 -> #REF! | F98: 30171.82 | G98: =VLOOKUP(A98,'2025数据'!B:O,18,0)+VLOOKUP(A98,'2025数据'!B:O,19,0)+VLOOKUP(A98,'2025数据'!B:O,20,0) -> #REF! | H98: =G98-F98 -> #REF! | I98: 31564.68 | J98: 18416.23 | K98: =C98/B98 -> 0.19852407 | L98: =F98/B98 -> 0.30169886 | M98: =I98/B98 -> 0.31562657 | N98: =J98/B98 -> 0.1841505
A99: 胡凤 | B99: 50007.055 | C99: 7419.755 | D99: =VLOOKUP(A99,'2025数据'!B:D,5,0)+VLOOKUP(A99,'2025数据'!B:E,6,0)+VLOOKUP(A99,'2025数据'!B:O,17,0) -> #REF! | E99: =D99-C99 -> #REF! | F99: 7229.6 | G99: =VLOOKUP(A99,'2025数据'!B:O,18,0)+VLOOKUP(A99,'2025数据'!B:O,19,0)+VLOOKUP(A99,'2025数据'!B:O,20,0) -> #REF! | H99: =G99-F99 -> #REF! | I99: 15054.9 | J99: 20302.8 | K99: =C99/B99 -> 0.14837416 | L99: =F99/B99 -> 0.1445716 | M99: =I99/B99 -> 0.30105552 | N99: =J99/B99 -> 0.40599871
A100: 孙浩 | B100: 13503.972 | C100: 1503.572 | D100: =VLOOKUP(A100,'2025数据'!B:D,5,0)+VLOOKUP(A100,'2025数据'!B:E,6,0)+VLOOKUP(A100,'2025数据'!B:O,17,0) -> #REF! | E100: =D100-C100 -> #REF! | F100: 2962.5 | G100: =VLOOKUP(A100,'2025数据'!B:O,18,0)+VLOOKUP(A100,'2025数据'!B:O,19,0)+VLOOKUP(A100,'2025数据'!B:O,20,0) -> #REF! | H100: =G100-F100 -> #REF! | I100: 4444.5 | J100: 4593.4 | K100: =C100/B100 -> 0.11134294 | L100: =F100/B100 -> 0.2193799 | M100: =I100/B100 -> 0.32912539 | N100: =J100/B100 -> 0.34015177
A101: 魏炜 | B101: 16506.728 | C101: 305.312 | D101: =VLOOKUP(A101,'2025数据'!B:D,5,0)+VLOOKUP(A101,'2025数据'!B:E,6,0)+VLOOKUP(A101,'2025数据'!B:O,17,0) -> #REF! | E101: =D101-C101 -> #REF! | F101: 1844.836 | G101: =VLOOKUP(A101,'2025数据'!B:O,18,0)+VLOOKUP(A101,'2025数据'!B:O,19,0)+VLOOKUP(A101,'2025数据'!B:O,20,0) -> #REF! | H101: =G101-F101 -> #REF! | I101: 5987.24 | J101: 8369.34 | K101: =C101/B101 -> 0.018496216 | L101: =F101/B101 -> 0.11176267 | M101: =I101/B101 -> 0.36271513 | N101: =J101/B101 -> 0.50702598
A102: 于聪志 | B102: 181000.08 | C102: 30731.136 | D102: =VLOOKUP(A102,'2025数据'!B:D,5,0)+VLOOKUP(A102,'2025数据'!B:E,6,0)+VLOOKUP(A102,'2025数据'!B:O,17,0) -> #N/A | E102: =D102-C102 -> #N/A | F102: 32425.115 | G102: =VLOOKUP(A102,'2025数据'!B:O,18,0)+VLOOKUP(A102,'2025数据'!B:O,19,0)+VLOOKUP(A102,'2025数据'!B:O,20,0) -> #N/A | H102: =G102-F102 -> #N/A | I102: 47246.774 | J102: 70597.055 | K102: =C102/B102 -> 0.1697852 | L102: =F102/B102 -> 0.1791442 | M102: =I102/B102 -> 0.26103179 | N102: =J102/B102 -> 0.3900388
A103: 那冬 | B103: 65000 | C103: 14142.388 | D103: =VLOOKUP(A103,'2025数据'!B:D,5,0)+VLOOKUP(A103,'2025数据'!B:E,6,0)+VLOOKUP(A103,'2025数据'!B:O,17,0) -> #REF! | E103: =D103-C103 -> #REF! | F103: 13381.511 | G103: =VLOOKUP(A103,'2025数据'!B:O,18,0)+VLOOKUP(A103,'2025数据'!B:O,19,0)+VLOOKUP(A103,'2025数据'!B:O,20,0) -> #REF! | H103: =G103-F103 -> #REF! | I103: 15767.583 | J103: 21708.518 | K103: =C103/B103 -> 0.2175752 | L103: =F103/B103 -> 0.2058694 | M103: =I103/B103 -> 0.2425782 | N103: =J103/B103 -> 0.3339772
A104: 王琦 | B104: 11009.474 | C104: 1348.0036 | D104: =VLOOKUP(A104,'2025数据'!B:D,5,0)+VLOOKUP(A104,'2025数据'!B:E,6,0)+VLOOKUP(A104,'2025数据'!B:O,17,0) -> #REF! | E104: =D104-C104 -> #REF! | F104: 2265.292 | G104: =VLOOKUP(A104,'2025数据'!B:O,18,0)+VLOOKUP(A104,'2025数据'!B:O,19,0)+VLOOKUP(A104,'2025数据'!B:O,20,0) -> #REF! | H104: =G104-F104 -> #REF! | I104: 3397.9381 | J104: 3998.2404 | K104: =C104/B104 -> 0.12244033 | L104: =F104/B104 -> 0.20575842 | M104: =I104/B104 -> 0.30863763 | N104: =J104/B104 -> 0.36316362
A105: 合计 | B105: =SUM(B98:B104) -> 437033.72 | C105: =SUM(C98:C104) -> 75303.846 | D105: =SUM(D98:D104) -> #REF! | E105: =SUM(E98:E104) -> #REF! | F105: =SUM(F98:F104) -> 90280.675 | G105: =SUM(G98:G104) -> #REF! | H105: =SUM(H98:H104) -> #REF! | I105: =SUM(I98:I104) -> 123463.62 | J105: =SUM(J98:J104) -> 147985.58 | K105: =C105/B105 -> 0.17230672 | L105: =F105/B105 -> 0.20657599 | M105: =I105/B105 -> 0.28250364 | N105: =J105/B105 -> 0.33861365
